,pareto
0,0.3219250956424522
1,0.2929377250294743
2,0.27572849138042943
3,0.3157254320664999
4,0.3139163342512206
5,0.29377757069538507
6,0.3676225536283162
7,0.29442637811015043
8,0.3404438388055294
9,0.3485760033601886
10,0.2711791978676498
11,0.3440728731217009
12,0.34772623475777276
13,0.27789173262623673
14,0.2936652836905693
15,0.31757589731863667
16,0.34196743282367215
17,0.3384166480759243
18,0.3458156680215109
19,0.39393449386341617
20,0.3262691575094045
21,0.4103903529738703
22,0.3665466768383131
23,0.3307551560917625
24,0.2393629302912657
25,0.31530014223047487
26,0.33594979684671755
27,0.3451805917760013
28,0.40094793092277975
29,0.3355540450231235
30,0.34493820603635034
31,0.3086808262355956
32,0.31308030699288425
33,0.35568411392409527
34,0.3114259465895915
35,0.3311254207283807
36,0.3246273797094631
37,0.3294370546307954
38,0.32148249607842666
39,0.3085094431046397
40,0.3166429007704373
41,0.3118050282120589
42,0.30963945017220007
43,0.2880402719024188
44,0.3557883423031833
45,0.3282424868706235
46,0.30266748118349346
47,0.35771154600454036
48,0.36571633083251004
49,0.29938369198806675
50,0.31745512025851297
51,0.3492483491704451
52,0.3573589660003133
53,0.3559117620202665
54,0.3179086330850413
55,0.3521322846779092
56,0.316283562760165
57,0.37104079380279265
58,0.3221568078338306
59,0.35142108749005946
60,0.3430328838198915
61,0.32650779132458857
62,0.29861558919744846
63,0.33569016950512937
64,0.37545543254277497
65,0.32868191846512274
66,0.3484867810074821
67,0.35529600861679417
68,0.3665459113060268
69,0.32783613415705865
70,0.35811153622559977
71,0.3205796712766008
72,0.30662574705466794
73,0.38312219370375256
74,0.36235302591679747
75,0.31121276062882147
76,0.3368452631296237
77,0.33487331979889834
78,0.3398479925070531
79,0.3190126099581827
80,0.40142428816417236
81,0.37110114149603873
82,0.36290214443259206
83,0.305079277906917
84,0.32915530351974326
85,0.35515957200470194
86,0.3056071737102818
87,0.30912448543504456
88,0.31244275300034186
89,0.3171803273638802
90,0.4151098501955007
91,0.2860722161880397
92,0.3123524660017796
93,0.38994088734547766
94,0.30035691090593664
95,0.34654623742286156
96,0.31509609329522165
97,0.36376041331606285
98,0.25175897334684094
99,0.2875539522463037
100,0.33270794300662143
101,0.30855064222204404
102,0.3115484404217045
103,0.32951661772358687
104,0.28944979179671887
105,0.3177720253451566
106,0.318413870812985
107,0.3579604287454527
108,0.319908594321114
109,0.296306446115183
110,0.35856901562934806
111,0.283418822403062
112,0.32085892111084907
113,0.3751058731544753
114,0.258085597513819
115,0.369879255870505
116,0.37886557322410247
117,0.3210728760177876
118,0.3010696577534961
119,0.2817486706973275
120,0.36172140804282693
121,0.31355403074887683
122,0.3195532287266301
123,0.3621443645641082
124,0.2879263494436324
125,0.3173310584171566
126,0.3158904721106037
127,0.3059326009255266
128,0.32352360102243005
129,0.3260514512990434
130,0.34793443516087497
131,0.33388120493749845
132,0.3889536963882064
133,0.34757779659114496
134,0.33005721515034503
135,0.3572662012807995
136,0.32111609335515334
137,0.31314754660605076
138,0.26493990917712607
139,0.3226750775653687
140,0.333931701506352
141,0.34718616261116586
142,0.3414806616184831
143,0.3219292752062147
144,0.3156838586168082
145,0.3384169203180055
146,0.3182472969111425
147,0.27506963734650053
148,0.29978944286788306
149,0.3371976603626232
150,0.31735704377158136
151,0.3738759025759743
152,0.3553023169843708
153,0.3394543870606123
154,0.3406909801703861
155,0.33006343694013845
156,0.32261284548057495
157,0.3024863993890131
158,0.34752641943466234
159,0.33432530706317853
160,0.3287268637900314
161,0.33053120811649195
162,0.33336649498914295
163,0.342592568858097
164,0.34737391490562164
165,0.30193696202918235
166,0.3074668244447704
167,0.32762094285417226
168,0.359224243485321
169,0.3353868861377474
170,0.349038953137215
171,0.38751151469953216
172,0.32558692753574114
173,0.4230256530004568
174,0.3409534357452014
175,0.3232687745898636
176,0.30251166650162037
177,0.3671877796346599
178,0.307283598054511
179,0.34270681145091164
180,0.2902961552900547
181,0.36818642142426916
182,0.3351804442467874
183,0.37528763752352573
184,0.35455064802037556
185,0.3821445106996046
186,0.30315292189309956
187,0.3350722454713556
188,0.3504099504605583
189,0.35287447830462065
190,0.3253871845956437
191,0.29390306128822824
192,0.2854362653680294
193,0.3351471197315389
194,0.36231307211950375
195,0.360110480866982
196,0.33049767805108937
197,0.36052704251220374
198,0.34559839064639025
199,0.37288999296572084
200,0.25313808468248006
201,0.36738356189470295
202,0.30995491126677727
203,0.3311351350418056
204,0.3298187370256199
205,0.34419642657682326
206,0.3775777963858783
207,0.3346420988434607
208,0.3243050835283112
209,0.34299514887139315
210,0.32284486814029784
211,0.31221779953786094
212,0.3678766752790932
213,0.36880214245372706
214,0.34864841841314387
215,0.3039907948761613
216,0.3255138476137828
217,0.2668375159970296
218,0.3723133093235818
219,0.3280984402348269
220,0.2904657251533172
221,0.3583517779078357
222,0.3286815129765852
223,0.32868732824841657
224,0.39719337646077396
225,0.3479926237744689
226,0.29891443572841664
227,0.2626830076129077
228,0.2762131697815108
229,0.30467898525240694
230,0.4314968126099608
231,0.3545186172037467
232,0.358265333259282
233,0.271356676588973
234,0.2888204482496352
235,0.35841332146327043
236,0.3445970185771815
237,0.3836583547459687
238,0.2888859407064063
239,0.34832948182759205
240,0.3296690880731689
241,0.29213223983900893
242,0.3485968638295822
243,0.36568728203504514
244,0.34846433724974435
245,0.3441662578510155
246,0.32059186464503026
247,0.3438905189174587
248,0.3130452774515546
249,0.34323881216252594
250,0.3321625029048129
251,0.3558357019330947
252,0.35150007804316036
253,0.3357846535514401
254,0.3119940849106478
255,0.4033970748902039
256,0.28155756949316885
257,0.3182627398069502
258,0.32982514882754776
259,0.24182397447580636
260,0.3544969064689635
261,0.2982177811165557
262,0.30539223576489544
263,0.33926751928344934
264,0.3570565705228122
265,0.31638822898708335
266,0.34481193467379323
267,0.3618362196431255
268,0.36038546590358517
269,0.31199734217594566
270,0.34837730204051587
271,0.317333341951965
272,0.383312163773331
273,0.34185585120589995
274,0.3594937743716104
275,0.3628116417355698
276,0.3575530127148358
277,0.31181425604506846
278,0.36828897650097076
279,0.297065406082065
280,0.32255499438147434
281,0.30014132690145395
282,0.29533954202104334
283,0.27622713669765114
284,0.37005300957305015
285,0.3257778490213642
286,0.32819797565030545
287,0.3358803422250683
288,0.3123091477399702
289,0.3274663765661722
290,0.37613151331432815
291,0.32812945311009795
292,0.28600458687794966
293,0.3437679127474735
294,0.3514374753062881
295,0.35548990008635933
296,0.3282348453841676
297,0.3337784033802624
298,0.3398762569172487
299,0.3442602814508242
300,0.30041092550794396
301,0.3399054492574759
302,0.3804511694847909
303,0.33777728529869516
304,0.3449425564214366
305,0.28714290247803514
306,0.33733975996818505
307,0.37535286132168916
308,0.31210176895458336
309,0.3369436460446432
310,0.3356312902976479
311,0.38613932908008514
312,0.33449415063754934
313,0.3468950530892695
314,0.2936295128261342
315,0.33751814932045243
316,0.288587067575105
317,0.32118552146639734
318,0.34963961251438697
319,0.3178576708912479
320,0.3454147713198307
321,0.3332331575761301
322,0.30726400904983
323,0.34186006838938093
324,0.3390892460687709
325,0.35810091903622254
326,0.3916100114290149
327,0.39192166245401683
328,0.3162100754358091
329,0.3872312513980501
330,0.31595653961538744
331,0.32610362447716484
332,0.31022871557403114
333,0.29755125890966955
334,0.2801212778779122
335,0.3854236945097329
336,0.2810243520194138
337,0.3325486334362892
338,0.3117940899664215
339,0.3374096368293842
340,0.3302069827932274
341,0.3178758868586846
342,0.3285967815205712
343,0.3715681407866603
344,0.29438615442508836
345,0.3577195623788834
346,0.33012609000887405
347,0.35925450733344444
348,0.2708688993632596
349,0.3566463188492333
350,0.3303338845229635
351,0.31573777393054075
352,0.37773586243766116
353,0.31756935945077036
354,0.3538387123947275
355,0.3163949752605098
356,0.3537757158207284
357,0.3099845213132603
358,0.3369860083731887
359,0.3495649773609726
360,0.34089384330345923
361,0.3139955968578522
362,0.3314098100448024
363,0.3397323542285263
364,0.3257339027306075
365,0.3579454091513444
366,0.3684050124429879
367,0.3491102008782633
368,0.4132222809705509
369,0.3525432691907708
370,0.3230682350212759
371,0.339427944195568
372,0.2902344764501863
373,0.31483796096470124
374,0.308243654864097
375,0.33719265208001037
376,0.33608754045414774
377,0.3195246281069546
378,0.31227937815738044
379,0.35499611920592294
380,0.3468499298740156
381,0.3481612125181508
382,0.342377718007694
383,0.30249950640686774
384,0.2743493066661163
385,0.3911566163633001
386,0.33795835629017007
387,0.30527159066211673
388,0.33825645531225423
389,0.27735145338796374
390,0.3245263713873997
391,0.4075823624663773
392,0.42800646452886904
393,0.3473791850687407
394,0.35269672403603974
395,0.33901890884814995
396,0.3224794505231557
397,0.31918630005200216
398,0.2942603980695268
399,0.326728386603264
400,0.3318858660843904
401,0.32538768361465575
402,0.31493568200746247
403,0.32392018893832225
404,0.26298006603696855
405,0.3550205440463638
406,0.3636350512980595
407,0.34464860310861123
408,0.33154550682215256
409,0.3460780539257351
410,0.32843036353501026
411,0.34377906587488183
412,0.35220606030183893
413,0.3701015153490959
414,0.3084450651198571
415,0.3151295766937389
416,0.33066115994742906
417,0.3299899052642164
418,0.3074077353346451
419,0.30210564795277334
420,0.2727587360192724
421,0.3301694916394475
422,0.3520165382268127
423,0.30216087544512027
424,0.33127463156146686
425,0.3522167285291037
426,0.3632553657389959
427,0.34867015422889086
428,0.2703400611010584
429,0.3068329555177279
430,0.3620533929716808
431,0.31449063070412114
432,0.38386814830692684
433,0.3173373022952619
434,0.27628692191192394
435,0.2861312000928216
436,0.28913413565845336
437,0.3165076441111518
438,0.33254850612541426
439,0.37738788563844217
440,0.3442976152923096
441,0.35631534135775234
442,0.30966276620927635
443,0.27155274889948805
444,0.3610724868496873
445,0.35990783294665657
446,0.322875651993132
447,0.39170022320688763
448,0.34106767166316077
449,0.35757725965047615
450,0.28985092224457343
451,0.3602495988861815
452,0.37588762727660746
453,0.4077217492969288
454,0.37728919272021555
455,0.3033494340351802
456,0.3333758325027241
457,0.32315730897442135
458,0.33061446635454833
459,0.36188097533625274
460,0.31314337632915107
461,0.34335790702818764
462,0.35256372729767865
463,0.357993000571465
464,0.40696433212886374
465,0.3083205835491255
466,0.2939130678297303
467,0.3475674295240958
468,0.37939021600334827
469,0.34670617941879717
470,0.34246641399473327
471,0.393611545822952
472,0.327701548305841
473,0.2859748327460259
474,0.2909724142596955
475,0.3297104988750008
476,0.3222786775318449
477,0.31016141370273986
478,0.30386271193687875
479,0.3426445443349937
480,0.35212347340900696
481,0.3214118316379352
482,0.25194169783483694
483,0.3378924921085091
484,0.30762269392613417
485,0.3318448987739915
486,0.35968557850267396
487,0.33134088700339226
488,0.31434704829192506
489,0.32067379657303047
490,0.37445635944274763
491,0.3777937478866974
492,0.35585328633105284
493,0.30116462950153583
494,0.36790593724878257
495,0.3381549852564885
496,0.3585669241084101
497,0.3728625703391151
498,0.38052225337210593
499,0.30484011452178567
500,0.30072862941878886
501,0.3573704415528393
502,0.3254850424659606
503,0.3087649257953044
504,0.324725222505648
505,0.2899221537007916
506,0.34109748845767995
507,0.28700167479927613
508,0.312092180085424
509,0.3644684381805181
510,0.35813710094332385
511,0.3442164762533279
512,0.3212870157960859
513,0.27906781371232975
514,0.33099148633834014
515,0.29290129871906717
516,0.3595123690772898
517,0.26824670389731287
518,0.3646801789519305
519,0.33481804103800183
520,0.3554341845832423
521,0.35365300549640455
522,0.35718350519294556
523,0.310029192381562
524,0.3614930074139394
525,0.2834926325503284
526,0.3488581955574236
527,0.3437039661809301
528,0.3060436454301952
529,0.3127121068780402
530,0.3092634279779208
531,0.31191129896895037
532,0.34191636550667076
533,0.3288209801104522
534,0.3477565308691614
535,0.29291104488712066
536,0.3160145235343063
537,0.3496172105124904
538,0.3663845115297358
539,0.37724249577844016
540,0.3281234287167839
541,0.355698073407742
542,0.28995438039786636
543,0.35777884707473784
544,0.3525282522618913
545,0.3281367541459241
546,0.2745751411481374
547,0.3038265615567851
548,0.32572001263967404
549,0.32740357445648216
550,0.3321454256911181
551,0.3465824436794197
552,0.33079722917610954
553,0.3370182011860559
554,0.3184993660821877
555,0.34628705025509166
556,0.3245938209120096
557,0.3380483186888053
558,0.34820862789445406
559,0.33540292704878405
560,0.3485661930344748
561,0.33807353905820453
562,0.3952722808045116
563,0.3620727876730522
564,0.30362277012841266
565,0.2860272718063407
566,0.33511225568560893
567,0.28648675789010547
568,0.296355606450751
569,0.2906091747421383
570,0.32695124341222587
571,0.31454340733570624
572,0.36626926439060675
573,0.33661814613550406
574,0.34954127273258684
575,0.34987208756903493
576,0.3128647661195237
577,0.29812933156153854
578,0.4029588070441494
579,0.3046408995813112
580,0.2900238040329435
581,0.33171368394075473
582,0.3049399630896663
583,0.2818257486285936
584,0.33185178051358233
585,0.3130814079222494
586,0.35654431234784884
587,0.36119049513110446
588,0.35961934468964385
589,0.27981119346504296
590,0.30023027306105127
591,0.36215688148857944
592,0.3138889397979098
593,0.3670203462787391
594,0.27773002025256666
595,0.36873329955821554
596,0.37074410106406075
597,0.309845686278988
598,0.3725433089983189
599,0.36863699103506775
600,0.3217344364386145
601,0.313545971149726
602,0.3459402578536652
603,0.3227479073635555
604,0.3564170973920839
605,0.31627562953024557
606,0.3621468275641365
607,0.2896031078856506
608,0.3066985684693064
609,0.3423950395203258
610,0.375143004416706
611,0.3513749982856745
612,0.36646239394138796
613,0.3189284571294924
614,0.3085443987380063
615,0.30515875475990745
616,0.31102961116745054
617,0.3079450799572112
618,0.3314642633704742
619,0.3018533942915885
620,0.33318389184883906
621,0.31542267436152066
622,0.36251722446255236
623,0.32474255563908155
624,0.29579557726121575
625,0.32936186675883933
626,0.34691211465401517
627,0.33699035925059867
628,0.3421086121525307
629,0.3263379533620459
630,0.29298255560349323
631,0.2872156491807398
632,0.3645497094416768
633,0.3207420944043352
634,0.32194338187473515
635,0.2964221716785486
636,0.34410989729058883
637,0.2892601717865742
638,0.35729586623589854
639,0.280090678770073
640,0.33186207330175566
641,0.36583961476259075
642,0.2938463062534537
643,0.26675141276225167
644,0.2772979771415252
645,0.41214327582856697
646,0.3799187763729197
647,0.3777075307689088
648,0.2923833191166991
649,0.30978606429487715
650,0.26349238724380164
651,0.2666483169427314
652,0.3146039776625519
653,0.32973347644906387
654,0.2832551714605298
655,0.36625238997448495
656,0.35456794426975136
657,0.2909216339230571
658,0.3208074313955324
659,0.3447013638040198
660,0.35077342981475074
661,0.3290994682041079
662,0.25953295360704365
663,0.34891256417536026
664,0.34389336670818127
665,0.3387639431746029
666,0.3202286346757041
667,0.36997349083235553
668,0.3451742733708351
669,0.29964995870897876
670,0.26081853334459515
671,0.32248629294701014
672,0.3421800513408503
673,0.2976418347451492
674,0.30813073243917455
675,0.3002963044768379
676,0.3678838997202911
677,0.29585600494398256
678,0.32199136321582816
679,0.35166056200367196
680,0.3328294056468858
681,0.36692618640439767
682,0.3270725614348914
683,0.32021920336138177
684,0.3307844637659155
685,0.3513048250950069
686,0.3387924224777495
687,0.31382448189029344
688,0.3419296811196966
689,0.3021778751657508
690,0.3519753473250452
691,0.2680940547134866
692,0.3027261851618532
693,0.2812886879940171
694,0.31448864347706745
695,0.37007912777281965
696,0.3591514532360003
697,0.3384042058729106
698,0.30591202990146843
699,0.34187816998688453
700,0.3276580436751893
701,0.3379717212054762
702,0.3188053219636716
703,0.3299641347955042
704,0.39216603873614797
705,0.3227789206160916
706,0.25703389007516236
707,0.29757095248820525
708,0.31723402551727725
709,0.321711764567244
710,0.3227029540032012
711,0.3102448220357556
712,0.36959576081942164
713,0.34447889632421075
714,0.34401630622127977
715,0.3367714784356658
716,0.3355613997333219
717,0.3057718993731751
718,0.40265687523309623
719,0.35213625279295807
720,0.30707510115201736
721,0.3873058022172879
722,0.31287346031372376
723,0.356765254947174
724,0.3658274547001115
725,0.3798687371084583
726,0.3425053731007471
727,0.4017706349533043
728,0.3544256071623595
729,0.34616449467917126
730,0.3623148801220283
731,0.31849132713331246
732,0.32540189234540795
733,0.37382342338931
734,0.35382945273143923
735,0.3402886037567141
736,0.35194170475616027
737,0.3622287228536592
738,0.34163267015163834
739,0.29335325787413946
740,0.28158754341095493
741,0.3215496375323238
742,0.36363298472946165
743,0.3229503370256876
744,0.34728954115124716
745,0.29702345019072135
746,0.35233384885789865
747,0.31954361016305594
748,0.39115122998661805
749,0.3246494175626816
750,0.30536294187791463
751,0.3285449694433274
752,0.3281463386905926
753,0.3133295756765296
754,0.35391272999191065
755,0.3688411118432061
756,0.33833523490374756
757,0.31122178351464874
758,0.3137318834530717
759,0.3157485316860829
760,0.3668580602175924
761,0.3722286939610877
762,0.3754844804743306
763,0.30113898572823794
764,0.30026279506425846
765,0.3404294230108914
766,0.36890937579614497
767,0.3107693509260078
768,0.31923868664820476
769,0.31153271156531026
770,0.35631705899171917
771,0.283271957758417
772,0.3420520615427591
773,0.3891321125560484
774,0.3059030816847728
775,0.2922875906480048
776,0.3337373721563685
777,0.3488701957639933
778,0.363944070070165
779,0.3630436469407571
780,0.33013162595030543
781,0.3654408392464839
782,0.33564703372704574
783,0.31764971014778837
784,0.32779878937035073
785,0.32807331789424804
786,0.29397802034168824
787,0.3466058409957939
788,0.3544692663962785
789,0.32309720426607386
790,0.302560772904898
791,0.3419830047365238
792,0.30584065501935137
793,0.2986644769793366
794,0.2771820618173376
795,0.32864046945183994
796,0.33724941528850944
797,0.3135928774209901
798,0.35381349267229834
799,0.40107966678021684
800,0.2919849476088494
801,0.28295224535943314
802,0.3146463549279039
803,0.30996705357382154
804,0.37981137512859786
805,0.34061755137776306
806,0.372928374381942
807,0.3853668583017296
808,0.33051079590357996
809,0.3634614452796877
810,0.3086329955940107
811,0.3629197729712879
812,0.3316108104676483
813,0.3145106525368758
814,0.365748253530212
815,0.3504575121715244
816,0.3133459890989408
817,0.3415025317771096
818,0.3372553387653103
819,0.3065381209942398
820,0.3705152539165359
821,0.2995769171940743
822,0.35488138393838486
823,0.3452828438621157
824,0.29583751909672285
825,0.3195040736495328
826,0.3779517268966376
827,0.36777188902740615
828,0.3073662900611979
829,0.32385924230492186
830,0.285911545582186
831,0.2928652671170785
832,0.32025646190033435
833,0.2782334882712343
834,0.33931419491080855
835,0.33747910663617225
836,0.29049729099422333
837,0.3242197568440966
838,0.3247668945522221
839,0.33913095912938873
840,0.29399160266601976
841,0.3279544529687447
842,0.34704950945258356
843,0.3281062172640521
844,0.3559426154946721
845,0.31148660488651875
846,0.34021256678683753
847,0.3406691082997503
848,0.3884235546082843
849,0.3115601754623868
850,0.32084889152620755
851,0.3366739814771481
852,0.3378595482107814
853,0.295566005372345
854,0.30706308940896315
855,0.39034772232543613
856,0.3344604749925059
857,0.3965159773405178
858,0.34954473924656415
859,0.3354889992014393
860,0.2715987281122977
861,0.38072118104568653
862,0.3213328940750363
863,0.35703541997263566
864,0.3616700343873396
865,0.31879767418662047
866,0.3496385103410693
867,0.30361955192998075
868,0.3791428457719377
869,0.34240628253542893
870,0.3847332152178203
871,0.33046864937441195
872,0.39142417969373844
873,0.32522779465719376
874,0.2600313833438067
875,0.34543204207145495
876,0.3011993980868825
877,0.3303005145117867
878,0.3408320693707864
879,0.3621771124596665
880,0.3431880364683798
881,0.3677545311293664
882,0.3046270539761797
883,0.3406899271958203
884,0.37045325507799753
885,0.35414573577848163
886,0.37390402205598916
887,0.34175263830503344
888,0.2779126137608425
889,0.2893318302274792
890,0.3384949129570754
891,0.2984978441188353
892,0.33316427576244684
893,0.3201055522707609
894,0.3391716478692797
895,0.3257938754475425
896,0.3572033001004172
897,0.29163514905142024
898,0.3002098235949732
899,0.3835248174222544
900,0.31059211733208664
901,0.2788442423154449
902,0.3224173286366357
903,0.3698149957111877
904,0.2890213970455367
905,0.36515081489055634
906,0.39038074853061455
907,0.3634529753452056
908,0.36835835432649794
909,0.40923562591378915
910,0.34412022237228435
911,0.30666137247480557
912,0.3212204796067989
913,0.3041119392985132
914,0.3574551732053402
915,0.33455507962317116
916,0.3571647158834755
917,0.3494929454031768
918,0.33482464023048325
919,0.3502738100615253
920,0.33128585093419805
921,0.33011251926932556
922,0.3605874481961667
923,0.2856120325907663
924,0.3614767826463487
925,0.30856233051401183
926,0.34093578399977986
927,0.2689705182434685
928,0.3721135412571498
929,0.37015406906408665
930,0.3376486460450399
931,0.3470884208437109
932,0.3399472437527575
933,0.3280503241869119
934,0.348008452676676
935,0.3441063385734295
936,0.33305026265652504
937,0.2881846872881678
938,0.3631690479351309
939,0.34980770027285274
940,0.332718204576895
941,0.3056812639961429
942,0.2915795450595498
943,0.3349299910976682
944,0.30007506604411927
945,0.2980857609000001
946,0.3798059419815355
947,0.38380285558289035
948,0.30740398605700187
949,0.27452257700798055
950,0.33819829939534646
951,0.35018019764312047
952,0.30931136220817645
953,0.3420290807410354
954,0.30675615276089335
955,0.3304999084082035
956,0.35530407585329055
957,0.2973492475091351
958,0.4011585615657378
959,0.2910509602715782
960,0.28911806527965106
961,0.3601658876046727
962,0.3362929358320006
963,0.3453677785791601
964,0.28139832356699546
965,0.38611081127973734
966,0.3689544243693712
967,0.3351804694954632
968,0.3702089345298551
969,0.34972667959025927
970,0.3118860318688769
971,0.37281863797944653
972,0.39678356701269873
973,0.28479207528974404
974,0.33741032192391013
975,0.3296874712156702
976,0.3534436310725798
977,0.3108909808388716
978,0.3238348770949397
979,0.33264959004596845
980,0.34245103588252584
981,0.36053894636137135
982,0.3388582017572244
983,0.31444437421257104
984,0.3284004251425727
985,0.32247065895659166
986,0.32815272725263217
987,0.32700533701101564
988,0.34948421462538476
989,0.3037059358073666
990,0.3069025758583645
991,0.3250449385581613
992,0.33082429750128023
993,0.3300292045195702
994,0.3212113460992041
995,0.3516202851500855
996,0.32337710359759025
997,0.3456902350314064
998,0.30874758240094835
999,0.3539714374659959
1000,0.28975593294975693
1001,0.3578533850561599
1002,0.3084709561475362
1003,0.3467723170359027
1004,0.29523122730221174
1005,0.2939861299858716
1006,0.38043453894155127
1007,0.3287618972684653
1008,0.34830964209353205
1009,0.29254302585515113
1010,0.2980306577978591
1011,0.31879955644304325
1012,0.34930900521464453
1013,0.39164505670940675
1014,0.34454436497078006
1015,0.41327235926310757
1016,0.379501653987139
1017,0.39187081253573786
1018,0.3025783417425998
1019,0.36224448422495525
1020,0.3284808220691025
1021,0.27248486240882025
1022,0.3450817529041448
1023,0.3187487963662036
1024,0.31334869913658
1025,0.3364341042764684
1026,0.3420356737372096
1027,0.3048110681752122
1028,0.26166989257425993
1029,0.35196005676491987
1030,0.36028863435618713
1031,0.31306859396354325
1032,0.4111793278796645
1033,0.33383434919985083
1034,0.3110823234078698
1035,0.37401550639424525
1036,0.32840095964314736
1037,0.3076884997299795
1038,0.3233044579932541
1039,0.3423970630456077
1040,0.36069066914476705
1041,0.3337266643788968
1042,0.32195619215893145
1043,0.3157877565845445
1044,0.3482352688840661
1045,0.31446139199273837
1046,0.2985189766807033
1047,0.2891011554770661
1048,0.36796380049256383
1049,0.3312596235682404
1050,0.3723430848172435
1051,0.3430878875006028
1052,0.35698707627571413
1053,0.27886345233607357
1054,0.29470134325138225
1055,0.32599169594412014
1056,0.275267741683077
1057,0.3122622794333352
1058,0.3733477969108611
1059,0.33256631041380635
1060,0.32345055267067674
1061,0.3167837188012989
1062,0.29143760972661137
1063,0.29299385021854996
1064,0.36347352674565564
1065,0.32258054904371797
1066,0.37363316372718497
1067,0.32956828134541466
1068,0.3344687494580316
1069,0.3382109058724375
1070,0.3380142389998883
1071,0.34089870254355314
1072,0.28790759717258657
1073,0.29751049215665865
1074,0.3458946749693232
1075,0.3532833130577029
1076,0.3112793369662037
1077,0.31469210236520784
1078,0.33288974155044176
1079,0.33526185507834366
1080,0.3116609049318595
1081,0.34524798482750885
1082,0.3949466976869318
1083,0.3883995504603655
1084,0.29855560227165906
1085,0.30102229368418987
1086,0.3597853881991611
1087,0.3298065537765867
1088,0.32570244848175145
1089,0.3838955889713074
1090,0.33215044757313944
1091,0.37595744046070545
1092,0.26163881895190866
1093,0.35837470485120526
1094,0.44074116560129334
1095,0.3594043113121012
1096,0.3852612545683694
1097,0.32031556287357865
1098,0.2624723489743
1099,0.3713578653422085
1100,0.31502189527739044
1101,0.36418278539315374
1102,0.29447858375161207
1103,0.28819135444576555
1104,0.34272439820898315
1105,0.32159615260781577
1106,0.3238962402178082
1107,0.35472648967043313
1108,0.3792050242722835
1109,0.30355049546858015
1110,0.32961880110073993
1111,0.3707389908804964
1112,0.3142735950985339
1113,0.31885826597702893
1114,0.3511926809319206
1115,0.3354761434099816
1116,0.37048437673704876
1117,0.3651323868480126
1118,0.2794220929329904
1119,0.34683510513360155
1120,0.314389532661294
1121,0.31453714356810986
1122,0.30940527595626777
1123,0.35317633585675745
1124,0.29598734342514316
1125,0.33567216334225936
1126,0.3573402466238008
1127,0.32322970718597427
1128,0.344348430682848
1129,0.32964626842640665
1130,0.32388691130652086
1131,0.3877769199170971
1132,0.368293800340397
1133,0.27298604420644756
1134,0.30604802451167445
1135,0.4093520578049213
1136,0.33623321410309603
1137,0.26979894076280836
1138,0.3001798965642376
1139,0.3112839109185334
1140,0.35164874986443373
1141,0.3292340822116189
1142,0.3232370359825098
1143,0.32396811133985703
1144,0.34557208055325217
1145,0.32833792735865497
1146,0.34708080485834525
1147,0.28634921550607817
1148,0.3095198716052332
1149,0.27255912836603763
1150,0.3618145246203585
1151,0.34769696621604956
1152,0.3151857448898631
1153,0.347614051171552
1154,0.44573316405495467
1155,0.2989961385407761
1156,0.36912285101929193
1157,0.3391203280903041
1158,0.38088733693425586
1159,0.38444542418197375
1160,0.3488516846162691
1161,0.34398965421029143
1162,0.3006751335635243
1163,0.35178175159154057
1164,0.3254726657176321
1165,0.3325960947510427
1166,0.3333639769374012
1167,0.32942944057078233
1168,0.31722347751936614
1169,0.30934486540699574
1170,0.22464610138455915
1171,0.327487232533784
1172,0.3115793707563165
1173,0.3399785825411146
1174,0.3523052386308904
1175,0.3576420860170386
1176,0.3180675468130948
1177,0.34215573728227805
1178,0.3828876015794028
1179,0.35223761896636596
1180,0.3232269853372887
1181,0.38197363042324217
1182,0.32621796439782674
1183,0.3335257024373579
1184,0.2961698238631846
1185,0.3593353300858798
1186,0.32568776931523297
1187,0.2991783459735065
1188,0.32434791067488905
1189,0.3623361522704331
1190,0.33529467262214524
1191,0.3565857176814793
1192,0.31913134164777696
1193,0.3449813805154754
1194,0.3332514202477145
1195,0.3275828518621887
1196,0.329658225911794
1197,0.3407697568385574
1198,0.37082877139579123
1199,0.33027870292826045
1200,0.3247673636603623
1201,0.37887833441724555
1202,0.3379765931654823
1203,0.34046073730893806
1204,0.32187752087172433
1205,0.31333605092136213
1206,0.3089409295636363
1207,0.29941453242427596
1208,0.4020046693502573
1209,0.3064521071867036
1210,0.35558021530138545
1211,0.33549123848370127
1212,0.3328898695286642
1213,0.34997700947750787
1214,0.328476246801439
1215,0.3424096133617206
1216,0.3098895724561988
1217,0.25775060059393207
1218,0.3509552028389468
1219,0.2927660674929451
1220,0.26405130654015724
1221,0.3521455529605015
1222,0.2733582507669773
1223,0.31929344868729337
1224,0.36827792334818177
1225,0.3451830583770851
1226,0.3555499334946597
1227,0.31552707075975034
1228,0.3298212154811511
1229,0.35167115278595246
1230,0.32682467928056463
1231,0.2932232554199151
1232,0.3290729892080929
1233,0.3449864828220766
1234,0.3882810165851347
1235,0.2991250570747256
1236,0.3333937299136581
1237,0.3045741032764421
1238,0.35720099474936784
1239,0.34265739916697013
1240,0.2923619622200696
1241,0.3040510677641687
1242,0.2980882683165046
1243,0.3756373147659276
1244,0.3183828130034243
1245,0.29589958587036386
1246,0.31188851896355707
1247,0.36960042739435306
1248,0.29991846238875386
1249,0.38964422767570406
1250,0.327421150058282
1251,0.34410468157175617
1252,0.3479595392265555
1253,0.38838780923382155
1254,0.3772380894695067
1255,0.3633625958246133
1256,0.3204834207797047
1257,0.3599198348068893
1258,0.30543325007368444
1259,0.3145038280151152
1260,0.34538397258190595
1261,0.35551931311393536
1262,0.3655528016800719
1263,0.3134612917157938
1264,0.34320308399347477
1265,0.32006967952065757
1266,0.3299974094529919
1267,0.40039046065211176
1268,0.3331362947911578
1269,0.33356355222200734
1270,0.34813734978390504
1271,0.3368731181062568
1272,0.37336279857619903
1273,0.3251879936453027
1274,0.40221341332924593
1275,0.2942566460900892
1276,0.28295820614004474
1277,0.3955787049501757
1278,0.29074410968474473
1279,0.34991601604660794
1280,0.3414006141053963
1281,0.36222060255422645
1282,0.3558842491520559
1283,0.3365743626752488
1284,0.329803621794769
1285,0.2578169542332565
1286,0.30745933218412225
1287,0.3119426971594497
1288,0.2911238286740221
1289,0.3862572445156147
1290,0.3266029572621117
1291,0.35559440021193517
1292,0.29162799210980667
1293,0.30887355904470215
1294,0.33176394878190724
1295,0.3173072112077511
1296,0.36274079103168105
1297,0.31411601153053387
1298,0.3565240150687828
1299,0.3576283538902709
1300,0.3173397420313495
1301,0.29884311573434663
1302,0.344193678544994
1303,0.32867763863585137
1304,0.30051233498255336
1305,0.38381690931721824
1306,0.29592925418983357
1307,0.3422863921996213
1308,0.30213584386813275
1309,0.4005697185796698
1310,0.28837193978007425
1311,0.3180035473171834
1312,0.2698081168677863
1313,0.30563363190017107
1314,0.3316149119064386
1315,0.37734545004528447
1316,0.38591143087987484
1317,0.34631959118670125
1318,0.2983667568836014
1319,0.3540414067263128
1320,0.3041321468032061
1321,0.3339752889018285
1322,0.35733975743116
1323,0.3329969959603758
1324,0.3727405620372081
1325,0.3781006625859513
1326,0.39188295181139216
1327,0.3674557435519466
1328,0.3068601337438125
1329,0.35272431367572354
1330,0.28443031991953427
1331,0.2982310287158608
1332,0.34741547658497923
1333,0.3267172707338359
1334,0.3083497249069247
1335,0.3053280818753842
1336,0.4056070692845854
1337,0.31668597365336304
1338,0.3074811212219743
1339,0.3607365053263836
1340,0.3485701660459373
1341,0.3305658706080091
1342,0.2844812485511377
1343,0.2942323265409224
1344,0.3412506875088145
1345,0.32173130742868117
1346,0.31417137206731166
1347,0.3186687134616636
1348,0.3518357265723546
1349,0.2748025385628253
1350,0.28346379270222094
1351,0.29221803087016607
1352,0.31337986103100146
1353,0.36403752398766187
1354,0.32595884206755155
1355,0.32435838870151845
1356,0.3434804004249758
1357,0.40797247939642567
1358,0.31724168305205996
1359,0.3316558202975611
1360,0.2891401741790071
1361,0.3571502884379903
1362,0.3368832306324929
1363,0.32513391967722277
1364,0.3435674679590213
1365,0.38375408199481365
1366,0.2603388808591767
1367,0.34450585549459894
1368,0.3099230642129265
1369,0.3290413283681484
1370,0.3796531160910831
1371,0.32625233735709336
1372,0.301912764308369
1373,0.2944070472837039
1374,0.3223264226029602
1375,0.39486013186222263
1376,0.3756506000651635
1377,0.2739327311627326
1378,0.3161790181098436
1379,0.26828535957283595
1380,0.3198949604511082
1381,0.372179199729134
1382,0.3005659130212679
1383,0.3033426165710308
1384,0.35998514322876873
1385,0.32688844795656286
1386,0.3541455829203355
1387,0.37570479309458
1388,0.36358928255160966
1389,0.395746455198032
1390,0.32723230314771995
1391,0.33673278974131354
1392,0.37484029379759953
1393,0.2934420027962484
1394,0.31736416629703496
1395,0.3863265146102153
1396,0.320608034129977
1397,0.3756879853075444
1398,0.30850633802994193
1399,0.3619946511881907
1400,0.30594935694790193
1401,0.29747038570373086
1402,0.30537997977498815
1403,0.3195448684708513
1404,0.3002049849426229
1405,0.36303584104790043
1406,0.26992254902208906
1407,0.3327097489742209
1408,0.2811662738897102
1409,0.3354455469723595
1410,0.3090926529754432
1411,0.2504481626925735
1412,0.33171452816949537
1413,0.3391511922940428
1414,0.3094275521034054
1415,0.37187170971219263
1416,0.32320575946825975
1417,0.40592173256441666
1418,0.35764959316584344
1419,0.3081645621732598
1420,0.28712216134712104
1421,0.3416836620753353
1422,0.351593215588131
1423,0.3758578847736836
1424,0.35507490095497213
1425,0.32350444570228853
1426,0.33952343411334435
1427,0.42684961503740065
1428,0.30842647178300087
1429,0.35433053774034484
1430,0.3286415086409118
1431,0.3364708638567987
1432,0.3469913315973509
1433,0.29689029312183485
1434,0.2850263992206399
1435,0.3252132703917628
1436,0.28866374033441666
1437,0.37753946611734657
1438,0.3848598982706864
1439,0.2944404036381433
1440,0.384995799135802
1441,0.3638952247822759
1442,0.32842664443784314
1443,0.35965259133386207
1444,0.3100925238873985
1445,0.3504327434681652
1446,0.35357798504176174
1447,0.35024038082900905
1448,0.369023384150204
1449,0.4228097655436836
1450,0.4216883044846846
1451,0.37799769218299684
1452,0.35945665709491803
1453,0.33498086387314574
1454,0.3606498781712083
1455,0.24193654847486462
1456,0.3000634112984927
1457,0.3872348898028301
1458,0.30844513104733645
1459,0.36476208747171146
1460,0.3833020248902895
1461,0.35827793289821186
1462,0.3061295294519338
1463,0.3300109886514292
1464,0.3168817881177673
1465,0.29114896675634977
1466,0.2454131706300735
1467,0.2796947423509394
1468,0.2877944404367134
1469,0.36442054170776383
1470,0.3152993697187921
1471,0.31580695574093065
1472,0.30495956990718176
1473,0.3110020444428881
1474,0.34975493288853093
1475,0.3447441195685065
1476,0.3053311906581194
1477,0.28413150523289954
1478,0.4135234178434032
1479,0.3435872247085965
1480,0.29110294044814317
1481,0.36067868735416736
1482,0.3262704557852834
1483,0.3036214943773421
1484,0.3686034785361235
1485,0.33257832695750644
1486,0.35092235222393053
1487,0.2662319385282454
1488,0.3124086114736406
1489,0.28195841904554747
1490,0.32732303739673224
1491,0.32838593466119015
1492,0.3551053411330762
1493,0.29677857152954024
1494,0.3198118022406763
1495,0.3521322590365863
1496,0.30570591730644436
1497,0.3594619864760307
1498,0.358134094075234
1499,0.3816064116530572
1500,0.3272287775979698
1501,0.40082352056751624
1502,0.35929618969293564
1503,0.28439009358936607
1504,0.34649511630305646
1505,0.36035353630348793
1506,0.3192991826655466
1507,0.32286423781289986
1508,0.2870414300875406
1509,0.2800475651236123
1510,0.3504258302016661
1511,0.3416115957219289
1512,0.37789726073669155
1513,0.3684435372171799
1514,0.29772782186316227
1515,0.28380250137495816
1516,0.34666715825056355
1517,0.3357946521345073
1518,0.2970758974732436
1519,0.3380503979929072
1520,0.3668999757040174
1521,0.3712037848957597
1522,0.3101145378711708
1523,0.3196377405710211
1524,0.31414741847077693
1525,0.3283413289470968
1526,0.2782687015810539
1527,0.28155216605832045
1528,0.34950172418983355
1529,0.2987054399380664
1530,0.28244045181369404
1531,0.34111928532674113
1532,0.3077805061957785
1533,0.3642582278040388
1534,0.33022467022202107
1535,0.27834833511892243
1536,0.3149509328260856
1537,0.35856668188453805
1538,0.29299210926438773
1539,0.32652641044195596
1540,0.38095449667075604
1541,0.3303627433553379
1542,0.30957648623309386
1543,0.39991007395354444
1544,0.2941505875740449
1545,0.2992359728375502
1546,0.2864211251916299
1547,0.362809671388321
1548,0.29912409652534716
1549,0.345785854191104
1550,0.3463401277079841
1551,0.36363725533887137
1552,0.3287258873529322
1553,0.32916205791083053
1554,0.36182335923878134
1555,0.3181081156705909
1556,0.3209879768445108
1557,0.32441712813020135
1558,0.3921125918638467
1559,0.3383723786188526
1560,0.302598875767699
1561,0.3090055036951095
1562,0.3498573326036862
1563,0.34979143499886045
1564,0.34300999821825084
1565,0.40272862031335543
1566,0.3334176480576723
1567,0.35212818919269095
1568,0.3527011304776386
1569,0.41868855447340075
1570,0.31784723918320623
1571,0.29521637590528577
1572,0.2867534227027834
1573,0.2952653053906386
1574,0.33683073468376856
1575,0.36851346936019685
1576,0.3084959048780478
1577,0.28456095107171414
1578,0.34532961823325536
1579,0.34981699723035314
1580,0.3316094151248567
1581,0.31043942039590683
1582,0.35659590459673185
1583,0.2729977347087401
1584,0.3377182326210589
1585,0.31431572526522805
1586,0.3369511112288416
1587,0.3424010710426173
1588,0.3416715314686784
1589,0.2978169422925594
1590,0.3714691622114057
1591,0.28497210651721
1592,0.3752094226153341
1593,0.30172574920004674
1594,0.3429723610642943
1595,0.42425783937356554
1596,0.32436279075075297
1597,0.3329301854368135
1598,0.3596725942766992
1599,0.2917566586775546
1600,0.3107110649400375
1601,0.30582607947695356
1602,0.3187297936841943
1603,0.3424821182798888
1604,0.3303429355526119
1605,0.4048857542919057
1606,0.29919342388696524
1607,0.3727851744128961
1608,0.37331328092088284
1609,0.38617842626552423
1610,0.31600986976451007
1611,0.2908118858090988
1612,0.36227387135658345
1613,0.3392432284626277
1614,0.31092088193924744
1615,0.3863189821110469
1616,0.3008109125879641
1617,0.34978680398002776
1618,0.27449438833779705
1619,0.32299408782976974
1620,0.3246091704565564
1621,0.33525892351359377
1622,0.3649136399067223
1623,0.316245270588131
1624,0.3207614817092612
1625,0.3409015111724273
1626,0.364392189625432
1627,0.31812108189376254
1628,0.3474618279256435
1629,0.32292163717403305
1630,0.3367422587120013
1631,0.3378792073920357
1632,0.3255533272174055
1633,0.41335365702682997
1634,0.29541859647291285
1635,0.283399242344891
1636,0.34540595777534244
1637,0.3481234886940834
1638,0.320914561712572
1639,0.30351171066286264
1640,0.42336895182730155
1641,0.31478299199294363
1642,0.3407360793947894
1643,0.3524458469592263
1644,0.34370427447848445
1645,0.33600119168346376
1646,0.3472992485017528
1647,0.3010008265723704
1648,0.3622666722703916
1649,0.3540395614781704
1650,0.3656205550013391
1651,0.3510763724371136
1652,0.3120501544010736
1653,0.35761451261916255
1654,0.3059567161432205
1655,0.3179798731954427
1656,0.3137757021496926
1657,0.31165834901327777
1658,0.358473150496035
1659,0.3723616413596383
1660,0.4275681790677102
1661,0.3586708650759703
1662,0.32972648556962436
1663,0.278396811701376
1664,0.3463293010547887
1665,0.3104763751742576
1666,0.2917627111424569
1667,0.3316564092223498
1668,0.42230646041550446
1669,0.31981637652050654
1670,0.29760966822147145
1671,0.37233591488527396
1672,0.4282109299944193
1673,0.32992760429872053
1674,0.3546415810888424
1675,0.36608675748323494
1676,0.3723899432010679
1677,0.352322809169598
1678,0.30991998591032577
1679,0.36110686496437805
1680,0.4328540011680436
1681,0.315283427736262
1682,0.3136134593089203
1683,0.35373240985225274
1684,0.38208592946612097
1685,0.3490766461065805
1686,0.2903703154177777
1687,0.3664432409419286
1688,0.3171761102139686
1689,0.37449006258039125
1690,0.3562202239991154
1691,0.3391346631855067
1692,0.36670529238444355
1693,0.37119905146005294
1694,0.3729738471661178
1695,0.2908721664048418
1696,0.2770021813008386
1697,0.3855279139372595
1698,0.3165229599254351
1699,0.30287745479575146
1700,0.33895687725299295
1701,0.3164802395023201
1702,0.3694518835312093
1703,0.32558885999191395
1704,0.3556717057638425
1705,0.32711850625772065
1706,0.3506220071048102
1707,0.34237804949403955
1708,0.3493560930569371
1709,0.3580432490940763
1710,0.3484537746919646
1711,0.31446459988710673
1712,0.3880853131777749
1713,0.3124766266180372
1714,0.3045659866120014
1715,0.291809128249518
1716,0.32274977315389275
1717,0.3205770278936456
1718,0.2800621909109721
1719,0.28298876540226525
1720,0.2834645910741302
1721,0.30218882565014576
1722,0.32477811249560606
1723,0.39537466609782407
1724,0.29504704732763476
1725,0.2965553564783611
1726,0.33251529244231987
1727,0.3158815632814925
1728,0.2958079609138458
1729,0.34210885983444966
1730,0.35786133652565544
1731,0.249413165919779
1732,0.31363838796969723
1733,0.36491233533228806
1734,0.37027501327562834
1735,0.3447378975295739
1736,0.326600807913524
1737,0.34538215856722965
1738,0.3168892149714249
1739,0.29077961389295126
1740,0.36521208925236237
1741,0.3556839365706663
1742,0.31149060279862567
1743,0.29087962976933374
1744,0.39838219847691736
1745,0.37048034568725463
1746,0.31915436308306455
1747,0.3622385297564467
1748,0.34392844515301163
1749,0.30331367100808443
1750,0.3227195240094764
1751,0.3705460412410858
1752,0.34145110605581064
1753,0.3434999677266136
1754,0.36120164949958755
1755,0.29074877222496676
1756,0.29989197395427974
1757,0.35581307808505774
1758,0.3665994504655263
1759,0.34668202621797206
1760,0.3133468286180189
1761,0.3468941371711997
1762,0.31783550535335026
1763,0.3686582923414622
1764,0.3390749713657385
1765,0.3328057942863126
1766,0.2707422441152405
1767,0.29641128356079205
1768,0.3051354406915484
1769,0.343398280292896
1770,0.41746212302924146
1771,0.2896276387129654
1772,0.32366905956902553
1773,0.3307886239362106
1774,0.3528332208946056
1775,0.28173077440895944
1776,0.3856351211606275
1777,0.30631394413186275
1778,0.3179225156637137
1779,0.29294557069967553
1780,0.3802067511229581
1781,0.3593464011258745
1782,0.36096298495009055
1783,0.3214661372980919
1784,0.32630782031193045
1785,0.2786371285961982
1786,0.3428952098966971
1787,0.31207146437085637
1788,0.3748111048192451
1789,0.32120676402595205
1790,0.3353050723052004
1791,0.31561314041136435
1792,0.3025477488646708
1793,0.3138670060699642
1794,0.3284754596434727
1795,0.2773747663546231
1796,0.3089268428771258
1797,0.28057126488754813
1798,0.35782457547805496
1799,0.34104642234986177
1800,0.33327066038859576
1801,0.3217919469144962
1802,0.3177396164851846
1803,0.3411239318389997
1804,0.3469195518859028
1805,0.3332005480141489
1806,0.33949102154012256
1807,0.3108762241945834
1808,0.3542744239126387
1809,0.3450599359720213
1810,0.29881994224436265
1811,0.33094134982892676
1812,0.3630341593493092
1813,0.2661393775564264
1814,0.35010973032950743
1815,0.3176121561913553
1816,0.3018343758094134
1817,0.3420640135208013
1818,0.327353182367085
1819,0.3234992913592125
1820,0.27559633278778917
1821,0.3302774055877084
1822,0.3025555092221651
1823,0.33490724014266254
1824,0.38767620280434933
1825,0.30398785488194285
1826,0.3205941304518166
1827,0.31701797586302655
1828,0.3649173163543061
1829,0.3282129174384142
1830,0.32173380042006283
1831,0.32437324142880386
1832,0.2843954644174918
1833,0.3265038442660212
1834,0.3436377471736415
1835,0.3361862073333449
1836,0.35259680425346834
1837,0.33810179618022457
1838,0.3068688427303783
1839,0.33719739660320397
1840,0.3004198397259365
1841,0.3434215962655557
1842,0.3393167231133272
1843,0.3429973934295194
1844,0.32457334477332944
1845,0.3231483609421195
1846,0.34642730338583266
1847,0.3788053552538602
1848,0.34028249527293153
1849,0.3144129347270509
1850,0.3066998674184276
1851,0.35017676699811073
1852,0.29934331921405516
1853,0.29550675963990475
1854,0.358220608607885
1855,0.2880188662859807
1856,0.3364980838762578
1857,0.3657098553249554
1858,0.30981351913240823
1859,0.31357122557093514
1860,0.3064896215801068
1861,0.3152687036263217
1862,0.3646272220357455
1863,0.32941538155125477
1864,0.2859510118347426
1865,0.3678844217821091
1866,0.33743626224492185
1867,0.38784875495795185
1868,0.27229651249566456
1869,0.371250164703163
1870,0.3214386597921108
1871,0.3545683461438808
1872,0.3561069714714943
1873,0.2737806612531125
1874,0.36555423457630687
1875,0.28959782386950345
1876,0.36773083472806484
1877,0.3060387544406524
1878,0.33351554060214544
1879,0.31736062697492434
1880,0.33235894382595266
1881,0.31235731999382116
1882,0.31709336698182167
1883,0.3166075957830528
1884,0.3474948406097517
1885,0.3321186239227785
1886,0.3681852511691334
1887,0.2997966861299827
1888,0.28098565049763985
1889,0.3471897483675502
1890,0.3186710580800736
1891,0.2968784177560334
1892,0.3279653813705389
1893,0.3658239929663332
1894,0.398057779984739
1895,0.3370745398727188
1896,0.38099748274595663
1897,0.3585547863438601
1898,0.3359582048680207
1899,0.3512460889619698
1900,0.32017005307158763
1901,0.27346916149551437
1902,0.34987354984742086
1903,0.32848277789655317
1904,0.2549937374979242
1905,0.35265657348381957
1906,0.3051381394147582
1907,0.350253937425063
1908,0.3677984461334446
1909,0.3325507566857738
1910,0.34749556406401777
1911,0.28098260774904354
1912,0.37226658610692515
1913,0.3078061738418942
1914,0.3746088382108051
1915,0.3836345079564706
1916,0.3359803642853021
1917,0.2881535815789172
1918,0.390420673369347
1919,0.3377229821316771
1920,0.33149592552688456
1921,0.3190489578688659
1922,0.2846235989996141
1923,0.27865587320038027
1924,0.33698393001815563
1925,0.38097644121476887
1926,0.34556187071832645
1927,0.2760309257210289
1928,0.3351153300182242
1929,0.3244190825309281
1930,0.36754366297363883
1931,0.37447716197575864
1932,0.3481046978979604
1933,0.35391345425951704
1934,0.3085906702332475
1935,0.3395165174722322
1936,0.376045509955841
1937,0.3111446226899943
1938,0.30721166621308466
1939,0.30825926805458753
1940,0.3468108993814376
1941,0.3096440339173045
1942,0.35408832602015305
1943,0.33651118306016053
1944,0.3297047005822057
1945,0.3829006072112201
1946,0.3275446117797163
1947,0.270603293757938
1948,0.3258641204138551
1949,0.37073386334771347
1950,0.28141284980958986
1951,0.33087783037815344
1952,0.3600689537201399
1953,0.33849267786153053
1954,0.3451916815855639
1955,0.30903035281213775
1956,0.29640723049324685
1957,0.38459118345045973
1958,0.3653134948154772
1959,0.3443976329833419
1960,0.3049087092602011
1961,0.33577730531988914
1962,0.3396560538903727
1963,0.3653084231652398
1964,0.35024274341305006
1965,0.36319158710219623
1966,0.33207451264360965
1967,0.31421169260291
1968,0.3358677902193525
1969,0.3917384186181775
1970,0.33340923579579745
1971,0.29374981439800274
1972,0.3249933744866603
1973,0.30433959851191905
1974,0.32943249225880694
1975,0.33331614683374955
1976,0.315890756893643
1977,0.3106236726293388
1978,0.2543878582952697
1979,0.3330149196272731
1980,0.33670475912358283
1981,0.34942150464679794
1982,0.2718667511216385
1983,0.3783801346566387
1984,0.323147733526811
1985,0.40110550714097276
1986,0.3779705994422808
1987,0.3371044059449252
1988,0.313298984853004
1989,0.2942022670483822
1990,0.3085737184575324
1991,0.29342491161748685
1992,0.39520022697287743
1993,0.35881249126265713
1994,0.31343282220524027
1995,0.34228202245154865
1996,0.3836348182799042
1997,0.30799672087871033
1998,0.3491283484519559
1999,0.3630916222055952
