,cauchy
0,0.918673494124267
1,1.0539739015233183
2,0.8840030196736481
3,0.8581829180300803
4,0.8572090672006532
5,0.981630408695585
6,1.0686372249598552
7,0.9612813656581387
8,1.1188262372213074
9,0.8303808011503747
10,0.9444058475385418
11,1.009308595959573
12,0.8454966188311425
13,0.9922419779869529
14,0.9841776612117836
15,0.8320969793426067
16,1.0462584077053452
17,0.9574859701134796
18,1.0577530041926742
19,1.2676747922599787
20,1.030611875669447
21,0.9167618822869045
22,0.8675280080606771
23,1.1503300881702525
24,0.9328204604760708
25,0.9793489329268878
26,0.908571995194542
27,1.004783800232073
28,0.941054330824705
29,0.950897694445347
30,1.1183216496633017
31,0.950256514294704
32,1.026821430390137
33,0.909033883844963
34,0.7797916031823722
35,0.9441359514749404
36,1.0349494582585705
37,0.9633883793998265
38,1.0174475110670584
39,0.9900615535212569
40,0.8979117619147823
41,1.2074268236426615
42,1.0157159569126353
43,1.0364868574800132
44,1.0232033603743969
45,1.0473230872136112
46,1.0555065514747601
47,1.1233740151073568
48,0.9877184495332902
49,1.0236258490572547
50,0.9989467922599589
51,0.8109823366017581
52,0.9361169414625323
53,0.8520002669394862
54,0.9318083518643464
55,1.0975182350376644
56,0.9539736826909158
57,0.9973596473564585
58,1.0302606098616445
59,1.0130482503622862
60,1.1340331979055376
61,0.8672736008006755
62,0.8039856748569574
63,1.0592042715482073
64,0.9419612057482843
65,0.9389566700217876
66,1.0725427079292718
67,1.0672915113844852
68,0.8858279743386821
69,0.8541834303213388
70,1.048530175648387
71,0.9321426770931301
72,0.9658941241165886
73,0.9983714970255211
74,1.1562675465735912
75,1.0621686719851102
76,0.916452349347651
77,1.0794234291183051
78,1.0175738934566625
79,1.0107147177759936
80,0.8659601859760925
81,0.8943100340697974
82,1.0378127912795383
83,0.9637521301755771
84,0.94070921305089
85,0.9804162332459958
86,0.9714964325738908
87,1.0120890643314708
88,0.8414106275927535
89,0.9539429567308896
90,1.0458562674282654
91,0.9869984964127632
92,0.7851601869319921
93,1.179106961108472
94,1.0093258618999266
95,1.0564863134246565
96,0.9684871925005408
97,0.994459674952785
98,0.7771964303865696
99,1.061451986513507
100,0.9928675251971748
101,1.0552820338678177
102,1.0205425967367703
103,1.091526311878519
104,0.9214344357479363
105,0.9346605624768967
106,0.8941341139562978
107,1.0341443529720653
108,0.8963310353847065
109,0.7954232097136303
110,1.1533406704649303
111,1.1221034312868625
112,1.1226367720342574
113,1.0012474920604277
114,0.8745011409288964
115,0.9189755968281098
116,1.0793069345068569
117,1.2115826338889288
118,1.0032875340514007
119,0.9412275638776779
120,1.2241920516962146
121,1.000599752387089
122,0.9419587077190489
123,0.8807334523397543
124,1.0117315354513912
125,0.9153509160037695
126,1.0221066997939043
127,0.9990806384081322
128,0.9527452058142372
129,0.9720461663731996
130,1.0830339512687048
131,0.8832628609092725
132,0.8394885743763546
133,0.9074045503239759
134,0.7901236281223415
135,0.9232679843828859
136,1.012710608972849
137,0.8244414945906094
138,0.9576791051288545
139,0.8386525395390826
140,1.004945394128164
141,0.9486827259442981
142,1.0428718415631588
143,0.8555857242792253
144,0.9824373821679202
145,1.1940983706939685
146,0.9499899652017956
147,1.0293124559705553
148,0.9267841989600563
149,1.1103868629716254
150,0.9766327585806327
151,0.9217233723737356
152,0.833168509540585
153,1.0113631016863929
154,0.8567462873181463
155,0.8667275006945303
156,0.891620498529805
157,0.899080428409647
158,1.002497077714216
159,0.873203819159006
160,1.0200477680851168
161,0.9649979262129605
162,0.8467300077986095
163,1.2314897007207237
164,0.9408387258998845
165,0.9437938852075564
166,0.8993082973042048
167,0.8289587672852715
168,0.9796987482577447
169,1.0036402415501744
170,1.1582917308365719
171,1.0228162424640959
172,1.2055910212928644
173,0.811436917481963
174,0.878416380955435
175,1.1761057739728826
176,0.9476561751606897
177,1.0185764247976885
178,0.9001082333258718
179,0.9291066354095624
180,0.9483099278555069
181,1.122021818489893
182,0.9181768335602435
183,0.8338476252025524
184,1.093802237939534
185,1.0951967282780504
186,0.7547509269280345
187,1.116386636386567
188,0.8214993657932468
189,0.7964753698868254
190,0.931376905323836
191,1.161288037659526
192,1.0398558980668293
193,0.8028433024640407
194,0.9232407523212929
195,0.7674174207499738
196,1.0796686156164421
197,0.9440764941695833
198,1.088437468819567
199,1.1115764337601355
200,1.086739773355314
201,1.0482366722847807
202,0.9996123456447725
203,0.8530741179438862
204,1.010021148138327
205,0.9417641926826691
206,1.1824378471572767
207,1.1498899324178238
208,0.8519459548090001
209,1.0621918836272173
210,0.9824869189214193
211,0.9157607592923427
212,1.0265734528285835
213,0.8424486456591215
214,0.9307595226306888
215,1.1524713652140246
216,0.9609138550906012
217,1.0158019837557033
218,1.1962896942755135
219,0.987808427432757
220,1.2620377472596542
221,0.9993736765464419
222,1.008695070553147
223,0.9860826325568431
224,1.089218846302743
225,0.9547281239414275
226,0.9606384828723915
227,1.0915077309627954
228,1.1998574869501837
229,0.8888874914830375
230,0.9208706192835355
231,0.9242560325608637
232,1.0285290306244372
233,1.0479971068770713
234,0.9694248068870958
235,0.9330567118129234
236,0.9309480755222789
237,1.0676493908770877
238,0.9007966821638531
239,1.084862114965651
240,0.9304651127637037
241,1.1569581931075859
242,0.9459261508738419
243,1.071477153687753
244,1.015785463519862
245,0.7468635167021269
246,0.9394984492529853
247,0.9988090712346762
248,1.1097625381902332
249,0.8786965399393734
250,1.2194830847825704
251,0.9160449996648338
252,0.8277160003977173
253,1.0198119763640772
254,0.9556925257723458
255,0.8628964029571967
256,1.1124530339645182
257,0.947105655506751
258,1.0851789374939396
259,0.9889513828411627
260,0.9863306459966497
261,0.9266370280380503
262,1.0985301982275115
263,0.831692146321486
264,0.9205516861983759
265,0.8970113726629078
266,1.2832202324782551
267,1.0429882152815897
268,1.0246265361378348
269,0.9182596310250619
270,0.9690259940925336
271,0.8001923161888908
272,0.9844058542627394
273,0.9274136795322316
274,1.094449360348368
275,1.1479602680863232
276,1.0131405176140955
277,0.9878550324196645
278,1.0112762805998634
279,1.1634219960468994
280,1.1459528846770355
281,0.8851250710315935
282,0.8315452629432944
283,0.8353491605213929
284,1.0239805442894394
285,0.9422111661208802
286,0.9738987014878278
287,1.002360218477206
288,1.022013639719251
289,0.8103507704881026
290,0.9693920152769239
291,0.8450032631972867
292,0.906905557297435
293,1.0615941779163232
294,1.0377967712804785
295,1.0184108266039988
296,0.9897114234495702
297,1.0287464792772685
298,1.073422015122742
299,1.033264070281795
300,0.9133865156824362
301,0.930985537783675
302,1.06239887547421
303,0.8986997854874762
304,1.0532763690557476
305,0.9033063266748411
306,1.026604106291088
307,0.9244128624096932
308,0.9215555615860958
309,0.8959131736439427
310,1.2383929503697066
311,0.9191463096784672
312,0.9732772926069824
313,0.9546117969285486
314,1.0515956772952593
315,1.0955871114856692
316,1.0629662129764519
317,1.1796316593165757
318,0.8928477121836432
319,0.9878695731883087
320,0.9331348334913487
321,1.1084689403553647
322,0.9397078326121218
323,1.0969440075292973
324,1.03606177933101
325,0.9366581350588363
326,0.9854646724086588
327,0.8777615494268096
328,1.139952562565765
329,1.008024071823207
330,0.8403738266435326
331,0.9456302055707206
332,0.9299971828869689
333,1.1154794926427858
334,1.0479948978027906
335,0.9813513952613219
336,1.1057599179919502
337,1.0247990424278435
338,0.9583648320512161
339,0.9451608224442786
340,0.9439014560729023
341,0.666861444125859
342,0.9931977477906794
343,1.062551928462842
344,1.0417478754398
345,0.9109443622062645
346,1.061926646675488
347,1.1433921474152513
348,0.9296895061887863
349,0.9756122812062075
350,0.9584697391199318
351,0.9453799529856235
352,0.9180252960127477
353,1.0177849005771977
354,1.0425448067131473
355,1.0462880031368262
356,1.0529669152562176
357,0.9137939310458263
358,1.0715406894445816
359,0.9617996808804775
360,1.0132161731308817
361,1.0007845555418027
362,1.0061201252986236
363,1.1410819127182654
364,1.0692812534143532
365,0.7891299737406579
366,0.7868050735904255
367,1.056949060800792
368,1.1021682172320175
369,0.9800198330861976
370,0.991277412477857
371,0.9847788919519275
372,1.0781805480427387
373,1.0258313644573227
374,0.8449496256727385
375,0.895914136475437
376,0.7733370820523326
377,0.9768428388732444
378,0.949831193236129
379,1.2493856680923656
380,0.9644246149848495
381,0.874966931197969
382,1.0789441805782187
383,1.1486456840546142
384,1.137950280254165
385,0.8696187464595223
386,1.0993707271532707
387,1.0479640215020998
388,0.9904205746483453
389,0.8636621254950798
390,0.9505612420353381
391,0.9091551202329364
392,1.156108521119062
393,0.9592467955005964
394,1.2234462851636465
395,0.8778588662559569
396,0.8455007943877996
397,0.9129605601630293
398,0.8926377448049753
399,1.0077318461950204
400,1.0093344202903316
401,0.9169754190336642
402,0.9592533753587063
403,0.9669120647416485
404,1.0364869118142226
405,1.0873825678668911
406,0.9746165462802455
407,1.1267140254843824
408,1.1410488296903474
409,0.9125124631688455
410,1.1310597989093818
411,0.9807497693818763
412,1.0666467958401018
413,0.857571978463634
414,1.0214081365088439
415,1.1658975434989551
416,1.031252894988179
417,0.9875375215334694
418,0.9325783840840858
419,0.9455637465233622
420,0.8796879553582839
421,1.2442151574879876
422,1.0316454246634938
423,1.0392928228853657
424,0.7919393615093221
425,1.1134208040850424
426,0.8397988793216321
427,1.0030253355118648
428,1.2798012330994601
429,0.9609412491628341
430,1.1117149130256592
431,1.0881557696479174
432,0.9728978144346926
433,1.0433240665953905
434,0.832461296044982
435,0.9359966463932335
436,0.9142345902623963
437,0.9925777439197382
438,0.9929134250011499
439,0.9466572248130852
440,1.082672802645529
441,1.010308082000216
442,1.0317091679285069
443,0.9882157501235322
444,0.9188781197620733
445,0.9040798979331212
446,0.9744572167616535
447,1.088626997689362
448,1.0170705878024777
449,0.8910000984280818
450,0.9653713789638438
451,0.9931573706936859
452,0.9031768378060994
453,0.9843753177263802
454,0.9992106018047969
455,1.0337451879820971
456,1.0848876426875524
457,0.9422067117590539
458,0.986204883641727
459,0.9509751926126049
460,0.9924305528343014
461,0.8787650726047198
462,0.8219749513650211
463,0.8423354651957148
464,0.8515472852195825
465,0.9620643111130992
466,1.0284918723457501
467,1.0232323684894973
468,0.9872978526864453
469,0.9314362857152362
470,0.768995171666877
471,0.9703428134612885
472,0.853895005249569
473,0.9327244877894808
474,1.0271222590633493
475,1.035596021444918
476,0.959569691064482
477,0.8526422522447412
478,0.9185053997598148
479,1.0194475505913037
480,1.0131498526909124
481,1.0364144605761323
482,1.1718111219310912
483,1.0281435778926182
484,1.0127278249348977
485,0.8977079715790721
486,1.0243098635711625
487,1.0387829920667593
488,0.8448876668309885
489,0.977529520654145
490,0.9484897244468201
491,1.050938641238653
492,0.9618960698456749
493,1.1707216701184004
494,1.0739479761625972
495,0.9815982318449982
496,0.9562739197060602
497,0.8062515376026816
498,0.9641670346297184
499,1.1728801927113717
500,0.943444750241868
501,0.9740134827613902
502,0.8236941677446529
503,1.0114122859885233
504,0.9901503887658829
505,0.9973371787418194
506,1.203862268720534
507,0.8521784922660267
508,0.8470297835645605
509,0.938774312260009
510,1.0461340638968673
511,1.3083327948121197
512,0.9253516658668071
513,0.7272348763648673
514,1.0953208678272617
515,0.759696101584611
516,1.0400227696510413
517,0.9752020984074248
518,1.0068428110318919
519,0.862314342461923
520,1.0226522613326363
521,0.9454754671334336
522,0.8636078191543567
523,1.0191917692239638
524,0.9021320411473147
525,0.9933121274564243
526,0.8679685877909459
527,0.8209475159609587
528,0.8775212095503658
529,0.9368504240821692
530,1.186376176277749
531,0.9206322633725812
532,1.040242717616017
533,1.0426178407544067
534,1.056724491656705
535,1.0488934068923341
536,0.9537283380042745
537,0.8908880590811871
538,0.9903700031595671
539,1.0491826582964279
540,1.004977001116084
541,0.9633192231076925
542,0.8279165039101851
543,0.8828869017076887
544,0.9322030436509772
545,0.9552611620522675
546,0.8772176059588953
547,0.9898828212395613
548,0.8169166745903292
549,1.2059345548167495
550,1.1081497415778514
551,1.0591293425553523
552,0.9574679645826901
553,1.0165934869376678
554,0.9173034928890189
555,0.9882024894439659
556,1.0200495193750847
557,0.8915014904499783
558,1.047838027643972
559,0.9807652643995053
560,1.1076837869474334
561,1.0874103720553658
562,0.905959451113855
563,0.8831633211408153
564,1.0058154635070253
565,1.0719677241904586
566,0.924563668220843
567,1.0392727283799383
568,0.8412749785686668
569,0.9803302808790014
570,0.8507260876444798
571,0.9606108405833236
572,0.9574897721298382
573,0.9805006452449689
574,1.0740531022498148
575,1.0387187320339686
576,0.8847517156997252
577,0.8967124599002925
578,0.8941357099121675
579,0.9794144842868029
580,0.9822994590540786
581,1.10586371901069
582,0.8936045820979552
583,1.1670224095819293
584,0.7897829123944231
585,0.9567120255519093
586,0.921017933048495
587,0.9085561341792586
588,1.0209503285969077
589,0.9282109087112604
590,1.0052772285649412
591,0.7929884257194083
592,0.9710283575224475
593,0.9887205228072731
594,0.848744955762841
595,0.9839872515156405
596,1.2364558379303132
597,0.8927919739635479
598,1.0755059148305122
599,0.9521393320569038
600,0.9308216311466416
601,0.9078154987079106
602,0.932182687448891
603,0.9079097160270869
604,0.9871473336356152
605,0.9267977688132634
606,1.1437081776306726
607,0.900018296333775
608,0.9725599231743122
609,1.0610176320337512
610,1.0903155536804505
611,0.9396744384784536
612,0.9296763092741641
613,0.9179137491599922
614,0.8109826783768428
615,0.9625096038796196
616,1.0527058436427519
617,1.0335283913961306
618,0.956739055452769
619,1.016633414399138
620,0.8998148146594045
621,0.8341977783718574
622,0.965715691836328
623,1.237827916574617
624,0.8611809874153266
625,1.0124894395949156
626,1.0341711679374301
627,0.8229264027037051
628,0.8272458022729272
629,0.8858480218147531
630,0.9242900626852374
631,1.040443964023854
632,1.351688374764634
633,0.8465434728299227
634,0.8943912589203556
635,1.1068471855596735
636,0.882970872960183
637,0.991108551764588
638,0.9839616865805094
639,0.915772380982753
640,1.119234686509768
641,0.9149220996528726
642,0.8896464531894661
643,0.940771378317289
644,0.9531587036757179
645,0.9715223481181247
646,1.0443447179204173
647,0.9424539182704889
648,0.9875649521957703
649,0.9779928995377452
650,0.8533795556421463
651,1.0270731293823878
652,0.9381678344806895
653,0.9331787318289557
654,0.9082427640391282
655,1.0274423752091173
656,0.9655667456609605
657,0.9351502927562464
658,1.0453796433374232
659,0.8809874429973646
660,0.8705172731946452
661,1.1160149442875837
662,0.9268208708620631
663,0.9944267092322896
664,0.9744291232141272
665,1.2120077818264343
666,0.9443928852689886
667,1.0473558878751044
668,1.0265309472319537
669,0.9412445751265447
670,1.0049555508459627
671,1.0322903886512287
672,0.8298196766926494
673,0.8461823237612837
674,1.0037958822212447
675,1.0504637984834913
676,0.9684991377484964
677,0.9739249061204218
678,0.9493853476530433
679,0.9939127767557749
680,0.9490612606478623
681,0.9579091022122338
682,1.0655144857343952
683,1.119875241418482
684,0.9015871242385178
685,1.0265653174538258
686,1.3896550703603088
687,0.9757390477376164
688,0.8727137572745756
689,1.0563758695789185
690,1.039974780915708
691,1.088955159609149
692,1.0839599086012608
693,0.8360951270917426
694,1.0054517877318399
695,1.1481626241249459
696,1.0332617100555768
697,1.0293147343704256
698,0.9070372014516969
699,1.0688545989759715
700,0.9819170541304404
701,1.16556933748771
702,0.8798696313919147
703,0.9178743518652184
704,1.0026695228307076
705,0.9147555102962421
706,0.7916648614234341
707,1.0114344589467126
708,1.0623337997442173
709,1.0374173738169024
710,0.9644315021765074
711,1.0137358043052787
712,1.1140288476589137
713,1.1899264553962352
714,0.8756973111392066
715,0.9777391070630069
716,0.9709919847303573
717,0.9659507736558881
718,0.8611342923705532
719,1.0664461629511504
720,0.8879548099021367
721,1.0368972911628282
722,1.1793052558084243
723,0.9866806978300318
724,1.0486720539419006
725,0.8411386756674818
726,1.0023384631457326
727,0.9144646615739788
728,1.0693203077623523
729,0.9927930161476101
730,1.0955644331741121
731,0.7834134428466845
732,1.0247461070947133
733,0.9216629882455656
734,1.1517746337034191
735,0.979515785230839
736,1.036228867475197
737,0.8849327996634563
738,0.9564077429244012
739,0.9032513197326854
740,0.9594881777422514
741,1.0192060267155563
742,1.003598885446077
743,1.080662511685373
744,0.9649277422117433
745,0.9170172336858178
746,1.0841891037898812
747,0.9686645652754918
748,0.8831235263636915
749,0.8381162131715328
750,0.9955754612781166
751,0.9399140087009126
752,0.8365443958858636
753,0.9483340977217644
754,0.8739739288765204
755,1.0251121585242682
756,1.0228192132830471
757,0.9002406225085506
758,1.092624374168759
759,0.8928239880093009
760,0.9328645431374004
761,0.9634459425734963
762,1.2282343803495614
763,1.0300006991068282
764,0.8998038459448124
765,0.9583122490600335
766,1.093281152870538
767,0.8834842786256066
768,1.0488347690595714
769,0.9345771086860124
770,1.0447811331996713
771,0.9270167481711539
772,0.9789888152933327
773,0.8978926449471373
774,1.0147355945906997
775,1.096642826568299
776,1.0064340764656348
777,0.9142156187390735
778,0.9314633457061084
779,0.9088991915152339
780,0.8422527758754382
781,0.9271182872160533
782,1.1126569577236889
783,0.8336973174465716
784,1.0951878453193526
785,1.0461050321794076
786,1.1367630065804084
787,0.852873822259739
788,1.0528437384403737
789,1.0132994379190057
790,0.9232652850943769
791,1.046053935751927
792,0.8968001926895518
793,0.9618769409418889
794,0.9873719867876598
795,1.0732119469705435
796,0.8911213195265877
797,0.9227715360552355
798,0.8249968517646525
799,0.8426808093581033
800,1.0314556995165785
801,0.8804009330253507
802,0.9364108516715796
803,0.8858896755859696
804,0.8081486089918911
805,0.9999527873215636
806,1.0894991424825968
807,0.7479113012797081
808,0.9643175971942893
809,0.7598234716670819
810,1.0317107954715403
811,0.9071594399361704
812,0.9741853760461028
813,1.0587755844946838
814,0.9408287500240483
815,0.9937960691888443
816,0.9508287551088835
817,0.9396777468607849
818,0.8540026368360898
819,1.048507015303549
820,1.0601215813718554
821,0.8161652178864639
822,0.9009116744217195
823,1.142717081363463
824,1.0400022805812223
825,1.0741097035229157
826,1.0273245293994973
827,0.9733450409280305
828,0.9487128904915797
829,0.9608737838315519
830,1.1137305361293346
831,0.9552147026552241
832,0.9183040915176752
833,1.0055103285699432
834,0.8397000320748821
835,1.000830829302362
836,1.000806259854208
837,0.89974589081701
838,0.9833343919543995
839,0.9924758644485064
840,1.047168823318822
841,0.9326666160200405
842,0.8060088495350793
843,0.9503061849705781
844,0.9105041370115209
845,1.2135699880021256
846,0.9919497818008332
847,1.0600028376643251
848,1.1103728309198078
849,0.803407369705063
850,0.8944141709871651
851,1.067598600468343
852,1.1194014379418518
853,0.9159881215643206
854,0.8743586220427825
855,0.9823250320261043
856,0.8704297605226018
857,1.044934259195242
858,1.1698331299709364
859,0.8739599223558229
860,0.9696739903848809
861,1.1843779850659446
862,0.9938336926246375
863,1.012061520220506
864,0.961991553609635
865,1.1923365207330094
866,1.0152268709261947
867,1.0971116995556094
868,1.06366253091021
869,0.9865644501284087
870,0.9280833264250444
871,1.015247237783339
872,0.983311361503491
873,0.8506746776037472
874,0.9942862551598621
875,0.9512007708727432
876,0.875342546815479
877,0.891358790838121
878,1.3291999001544899
879,0.9757959477543355
880,1.2118504989684769
881,0.8207597911843969
882,0.9536557022600917
883,1.1201315695372185
884,1.1346927735244083
885,0.9321823228493018
886,0.9821123101692805
887,0.8983892522962487
888,1.0025447791723006
889,1.05680213392945
890,1.1021899914923547
891,0.9857373136598614
892,0.9770513692927745
893,0.9354547455753509
894,1.0334940312791983
895,0.9254220375552233
896,0.9077177397642469
897,0.9493204520887275
898,1.0879650152557878
899,0.8881226149977178
900,0.829338865622356
901,1.0917695116338049
902,0.9965515830962389
903,0.9088637020973092
904,1.006091969137276
905,0.8578878770296992
906,0.8889487717433081
907,0.8474958331771966
908,1.0574723088863844
909,0.9416356846421866
910,0.8422223420266377
911,1.2577790078884379
912,0.9315945126937789
913,1.041712573591817
914,0.8575215427223205
915,1.0921323322755356
916,1.1292062486346695
917,0.7984699670984424
918,0.9205379778687618
919,1.020130234916503
920,0.9084138684614492
921,1.0544436592549191
922,0.8045667402287715
923,1.0975254554847134
924,0.9471595318876033
925,0.9835231994663047
926,0.9729045598012331
927,1.0749890136820865
928,1.0564102242817912
929,0.9206316595019475
930,0.9635509983324149
931,0.8911182153437018
932,1.1561030388650522
933,0.9877453429333779
934,0.9718421749854746
935,1.03920378755049
936,1.1107225214900434
937,0.941441404628241
938,0.9340372592827506
939,1.00834692328161
940,0.9739021618453391
941,0.97576694549942
942,0.8880180494947523
943,0.801235586812157
944,1.1773157858993901
945,1.0354644050929651
946,0.9734443469183163
947,0.940807466710664
948,0.924420486438543
949,1.053630539725019
950,0.8624854318640122
951,1.0579839915453464
952,0.9920722597796161
953,1.199508331762833
954,1.0397695700690441
955,0.8698376091727958
956,1.143525506764169
957,0.9824201547399696
958,1.045085340080964
959,0.9673166183669687
960,1.0635455476366042
961,0.9180413167282779
962,0.8774840339292694
963,1.1662261745000944
964,1.0715651317943256
965,0.9292869883600609
966,1.0952200913859673
967,0.800991166808288
968,1.0090455071011462
969,0.884455544090913
970,0.9176957623477072
971,0.8981230739080175
972,1.0319081615985308
973,0.8596271111243748
974,1.0712149048228035
975,1.0192141092503024
976,1.0182121452417754
977,0.8105849240029478
978,1.1214925864812135
979,0.9181348319027214
980,0.8429516718885113
981,0.9347611071360227
982,0.9716836831615874
983,1.0407984416338147
984,0.7993625735274749
985,0.985197772599019
986,1.0071013530181478
987,0.9622323441892433
988,1.0862909561520502
989,0.9200835582797708
990,0.9861188145807454
991,1.1145533854351737
992,0.8885024127173938
993,0.888512792435845
994,0.9225728085172511
995,0.9692097859653288
996,1.063522207668801
997,0.9816311596873458
998,1.0001500390900595
999,0.8791647128693362
1000,0.9934168062383416
1001,0.9292408485006086
1002,1.1309300721183415
1003,0.9428896613779039
1004,0.9576832275906351
1005,0.9350537377274977
1006,0.9389702301298739
1007,0.9434970511177619
1008,0.9938520286139062
1009,1.0788891189911867
1010,0.8150212070315103
1011,0.9385783744794954
1012,1.2963914099297826
1013,0.9463255744974965
1014,0.900026650576405
1015,0.8536673241560947
1016,1.009349387192684
1017,0.9608028313887794
1018,1.00093785204815
1019,0.9052433851785379
1020,0.983509965521362
1021,1.0582225935543117
1022,0.8782066231760202
1023,0.9508395433220275
1024,1.1073489534387013
1025,0.9846064966841006
1026,0.9628328187818412
1027,1.0694482437490465
1028,1.0681825912463114
1029,0.9572117963932377
1030,1.0794349477459289
1031,0.9735483174936223
1032,0.8685375263612585
1033,1.125986999206358
1034,1.1804343717312105
1035,1.0090972876286675
1036,0.9442723224620121
1037,1.0762078521602305
1038,0.8793386606958831
1039,0.939078320382692
1040,1.0584930558526837
1041,0.9486746023853988
1042,0.9827584999888268
1043,0.8309537581881877
1044,1.0451109525573261
1045,0.9323662147093966
1046,1.018393430702988
1047,0.929913227320989
1048,0.9531163019259167
1049,1.1366978344590135
1050,0.9369176288573428
1051,0.9862318187269913
1052,0.8423483446330683
1053,0.9709464953663587
1054,0.987806616825859
1055,0.8405545366571058
1056,1.0106436899134879
1057,0.9467124815551629
1058,0.9910130928141999
1059,1.0308391767245653
1060,0.9928723925616584
1061,1.087170622244338
1062,0.9227060498489936
1063,1.0560310375556687
1064,0.992285974368334
1065,1.0186429514122062
1066,1.0057301405346963
1067,0.8934991831575896
1068,0.9652563808299842
1069,1.0012835999142884
1070,1.1389458015643812
1071,1.0702711890464405
1072,0.943562379623904
1073,0.9844239929211128
1074,0.9955133440062616
1075,1.1419168894876537
1076,0.8361195361153453
1077,0.9538602220700937
1078,1.156271626075451
1079,0.9583715664756205
1080,0.9031308968428248
1081,0.8966327699126344
1082,1.0181484324429821
1083,1.0835747308322947
1084,1.1272976886898427
1085,0.8083597858650358
1086,0.9268099115074959
1087,0.7754815119959162
1088,1.0955395391775016
1089,0.9553559584716333
1090,0.9182451853110053
1091,0.9814253355332067
1092,0.8277925741994586
1093,0.8346115852712551
1094,0.9128437646989225
1095,0.8619748072217703
1096,0.966958527178412
1097,0.892477547376915
1098,1.0396546366323585
1099,0.9370630164239288
1100,1.019080775110918
1101,1.0895293081090534
1102,1.0652655631063148
1103,0.9864390617518787
1104,1.0077585144392878
1105,0.9532289319539765
1106,1.020000581052995
1107,0.998136618016265
1108,1.0356370408952773
1109,0.8565030816915054
1110,0.9400217531580985
1111,0.8719332475872699
1112,1.126929143345806
1113,0.8530884949829393
1114,1.0041452334272911
1115,0.972293396906405
1116,0.8059053046248948
1117,1.0407705871228345
1118,1.1417340841836063
1119,0.8906008218938721
1120,0.9114095628277833
1121,1.2178534252920163
1122,0.9467404829243119
1123,0.9678073391856374
1124,1.031789937383012
1125,1.030087065691984
1126,0.7478685267041422
1127,0.8644913655521735
1128,1.006846179620966
1129,0.831307589409167
1130,0.9917273878217359
1131,1.146056750036673
1132,1.0628795780167763
1133,0.9462191054264073
1134,1.1034596241113008
1135,0.91511109508337
1136,0.8971029641719397
1137,1.1054897972794842
1138,0.9813905402163396
1139,0.8438796498737865
1140,1.0977153847735603
1141,0.9305151977324363
1142,1.0971531427532881
1143,1.1748463629392487
1144,1.0139381705923747
1145,1.0246030087159625
1146,0.947857671664292
1147,0.9911552006813175
1148,1.2206436707581902
1149,1.159366758853513
1150,1.0675502901898013
1151,0.8636874700142588
1152,0.8554654258757207
1153,0.9445035129605194
1154,1.0767255302802736
1155,1.0214818447701461
1156,1.0865541020580196
1157,1.0469473859955871
1158,1.0655156952979075
1159,0.905744506654723
1160,0.8996093682274173
1161,1.0594584948912118
1162,1.0520717679983518
1163,0.9423115461286793
1164,0.9784495687575405
1165,1.0160245601895015
1166,0.8811351122823712
1167,1.0369658941100925
1168,1.0128847045720646
1169,1.037884121656799
1170,1.0812030010314335
1171,1.1198927362522864
1172,0.9791093329296493
1173,1.0351918378642098
1174,1.1919410571608173
1175,1.0167445294272286
1176,0.9194349803206682
1177,1.0435253193385896
1178,1.2379869208186338
1179,0.95996052493131
1180,0.9004283632051412
1181,0.974228450917528
1182,1.006851212743483
1183,0.9049667934144492
1184,0.8698191636391255
1185,1.1144344028899809
1186,1.0146986995706553
1187,1.0462277149380785
1188,0.9587310737838795
1189,1.0708092533403453
1190,1.221074309516051
1191,1.0205692724136397
1192,0.8342408415930322
1193,1.0819206681375135
1194,0.8724446930979152
1195,1.0706700977428627
1196,1.0720617743735381
1197,1.0518631244161396
1198,0.8607950956311264
1199,1.0972875770663257
1200,1.0244438322949143
1201,1.0999792709543024
1202,0.9136161734802207
1203,0.9383059103624348
1204,1.1133648645188736
1205,1.0791630297888106
1206,1.032504659569419
1207,1.0152616525255644
1208,0.9155366294235662
1209,0.8929223259507824
1210,1.043314566471145
1211,1.0223183365464745
1212,1.0255038344604714
1213,0.8261113593300324
1214,0.9056149225871488
1215,1.2018757237936857
1216,1.0265462792161772
1217,1.0647024518747015
1218,1.0396460601964355
1219,1.0886832072171786
1220,0.8838495924483449
1221,0.9545773231981253
1222,0.8157456582494914
1223,0.940339341606191
1224,1.0097374802324295
1225,1.023979974420954
1226,1.0643779721776898
1227,1.0085325371012503
1228,0.8338166008871931
1229,0.9111761015983031
1230,1.164728801147292
1231,1.149184310473543
1232,1.061465565056029
1233,0.9148299649916906
1234,0.8325685775818051
1235,1.0517688770039546
1236,0.9821978744380446
1237,0.9340428764616738
1238,0.8310113867652258
1239,1.0280364530872517
1240,1.1677355843507764
1241,0.9082267641738737
1242,0.9514102464066797
1243,1.1140371452776572
1244,1.0845513794257884
1245,0.9431832792346084
1246,1.0868850119704558
1247,1.0854640039881467
1248,0.8455074376839222
1249,1.070275153793867
1250,1.0091487870512466
1251,0.8463303298042075
1252,0.9586210767454755
1253,1.0962684004298395
1254,1.0043268623749906
1255,1.1912799531750375
1256,0.9570603298868119
1257,1.0135802293040281
1258,0.8348386370530683
1259,1.060871788596647
1260,0.7706661981568328
1261,0.8850807192356441
1262,0.8923971821994927
1263,0.8713660378639447
1264,0.9023637665715024
1265,0.887353624830409
1266,0.8684021771895958
1267,0.9235081353874365
1268,0.9568810364754576
1269,0.9697849919342711
1270,0.9107572114553458
1271,1.0460982260586122
1272,0.8948949535728363
1273,1.2162661459552264
1274,0.9513361786501657
1275,0.9696178714129932
1276,1.097281145362924
1277,0.9659186263102333
1278,0.9714997628675061
1279,0.9143495373151593
1280,0.8213618151614605
1281,1.0115278190647543
1282,0.7893315152025677
1283,1.111716716322831
1284,1.0205494074334123
1285,0.8442386665806864
1286,1.123974547305729
1287,1.0888980504926067
1288,0.7597971927566189
1289,0.9849443159294315
1290,1.06331714344436
1291,1.185821543856985
1292,0.7680580894652147
1293,0.8951688227187959
1294,1.017659434943015
1295,1.1013668226219364
1296,0.9918247630972222
1297,0.9706258292253539
1298,0.7831058594678261
1299,0.9205987049231151
1300,1.0293773192310582
1301,1.193046643273411
1302,0.9047899435539853
1303,0.9469627638649756
1304,0.8973752920433615
1305,1.0751648437311723
1306,1.0667891017119828
1307,0.8993426498723494
1308,1.0310171203359728
1309,0.9683418256159712
1310,0.8859415415493118
1311,0.9791879891490237
1312,0.8188079697573682
1313,0.9605722499240742
1314,0.8477495440491861
1315,0.8872871652463005
1316,0.9641987985627039
1317,0.7606407958790358
1318,1.2469212436707664
1319,0.8965718489216645
1320,0.8231618448618739
1321,1.0121975395346536
1322,1.0040845360354482
1323,1.119063031084778
1324,1.0060280388897451
1325,1.1203456252754704
1326,0.9018120637006011
1327,0.9598574884174357
1328,0.9196321530725345
1329,0.8642555740189409
1330,0.9641001900520882
1331,1.0839133861108334
1332,0.7967363544705234
1333,1.0511589817770992
1334,0.8043404271249134
1335,1.1205716531152046
1336,0.9294446364835491
1337,1.2557727423114193
1338,1.0707391515459377
1339,1.0333447770208448
1340,1.0125236939534137
1341,1.0431693782023188
1342,1.0023380407449134
1343,1.1246897041269712
1344,0.9641779335384458
1345,1.0139325573565805
1346,0.9854870006034041
1347,0.983222086866667
1348,0.8811614317299867
1349,0.9560601263983607
1350,1.0234757549631177
1351,0.898607560688226
1352,1.0207818510733457
1353,1.057768901844851
1354,1.095820705661904
1355,1.046067622159408
1356,0.7979877334335717
1357,1.0415352145726744
1358,0.9569785326966509
1359,0.8313243945433542
1360,0.9837920378836549
1361,0.9669004610802021
1362,0.9371916720322193
1363,0.9159621590185588
1364,1.1681705463653433
1365,0.922943827598373
1366,0.8686089293828256
1367,0.8664091624360369
1368,0.9328183670239537
1369,0.7559820638125183
1370,0.8412976891913545
1371,0.8811236598571154
1372,0.9764146889823486
1373,0.9370264788645946
1374,0.8976547157209048
1375,1.2266934136439445
1376,0.9184664106440052
1377,0.984397111517436
1378,0.8473226516543292
1379,0.9957932606509486
1380,0.9935888321344082
1381,1.2552978173244542
1382,0.8305352333230495
1383,1.0051041674488475
1384,0.9018283148621797
1385,0.9212233609056407
1386,0.9741691982663359
1387,0.933867250052704
1388,1.0911622571032042
1389,1.0309960894992185
1390,0.9729927517492575
1391,1.1117497254493895
1392,0.8608896124163491
1393,0.9374800951533611
1394,0.7614318727593095
1395,0.9325477761453638
1396,0.8643523124168004
1397,1.0392234742678277
1398,0.9503245092257174
1399,0.9042499107642952
1400,1.0026808694757243
1401,0.9098822196945784
1402,1.0544327470608532
1403,1.0638392814969573
1404,1.060653221237168
1405,0.964304604058236
1406,0.9034565533930445
1407,1.092113498313722
1408,1.084267441100928
1409,1.1024601997239127
1410,0.785853248398359
1411,1.0790983227108633
1412,1.0039869470767515
1413,1.2018115772692501
1414,1.0624816710833613
1415,0.9885096356985351
1416,1.22757394707725
1417,1.0486627304318166
1418,0.9773907817536213
1419,0.9872718806192837
1420,0.9346264840914877
1421,0.8557281449093948
1422,1.0077931533058384
1423,0.9782353551030032
1424,1.0090725814919883
1425,1.1059952505680268
1426,1.0003632242688045
1427,1.1057601693775057
1428,1.072913268270716
1429,0.901153253954705
1430,1.0464650837918312
1431,0.9464292366760884
1432,0.8405694644604778
1433,1.0023644026279723
1434,0.868562345403359
1435,1.0640184015359948
1436,0.9194520638250048
1437,1.0202592756711357
1438,0.9243524539688456
1439,0.9758298289322154
1440,1.0088491793080767
1441,0.9973950204106264
1442,0.994707160930948
1443,1.1338974188310957
1444,0.8747083983775804
1445,1.1504368538016165
1446,0.9218422318275935
1447,1.0495464253101547
1448,0.9110447154261516
1449,1.0719282896276048
1450,0.9056264578690815
1451,0.8501951191411878
1452,1.0244309979312318
1453,0.9084154408396907
1454,1.1786706055082161
1455,1.0147451229306896
1456,1.0636579641663553
1457,0.94116384218104
1458,1.046060924855001
1459,0.960119014450334
1460,1.006053810976972
1461,0.8831499210584732
1462,1.0114511893993603
1463,1.0849386157686634
1464,0.8680099118585953
1465,0.8360887381434724
1466,0.9149337500242745
1467,0.9729241818753913
1468,0.9174421934143251
1469,1.0248528143856475
1470,1.0344651145747052
1471,1.1590300646730831
1472,0.9014612106499686
1473,1.0205745029162616
1474,0.9030942172411014
1475,0.9765782588408018
1476,0.9991701094962242
1477,1.1177801431750503
1478,0.7222124291093283
1479,0.9478818118135064
1480,0.842876055110332
1481,0.9901087658123539
1482,0.9407955733929488
1483,1.017495430178919
1484,1.0345992376992694
1485,1.017846265056169
1486,1.168092882510005
1487,1.080265113455148
1488,1.0856643589705066
1489,0.9605984334202178
1490,1.0037559183449296
1491,1.0465970309481418
1492,1.1912454652269897
1493,0.9791229428734909
1494,0.9049713539848883
1495,0.8660398057013663
1496,0.9944651251027841
1497,1.1135152392820942
1498,0.9825971977247796
1499,0.8412195503208556
1500,1.0887962643074445
1501,0.9550442375231648
1502,1.0032672173103756
1503,0.844357417581196
1504,1.0886386046154621
1505,0.9832963864798671
1506,1.0392812641120084
1507,0.8177364457991494
1508,1.0725753824207194
1509,1.1373250441356644
1510,1.1526515772081307
1511,1.196709421617885
1512,0.8109664432738678
1513,1.103181173153925
1514,1.0789711025482316
1515,0.949235238082835
1516,0.8488857045181429
1517,0.961055772640063
1518,1.0909900489427584
1519,0.9710448650849905
1520,1.0202040372641072
1521,0.9871408246863386
1522,0.9924830835945571
1523,0.9078775230450039
1524,1.0132828271769905
1525,1.0099686616550323
1526,0.8907580832688523
1527,0.8442811169846961
1528,0.9126367362396615
1529,0.9806417911459754
1530,1.024860627136104
1531,1.1925185554037427
1532,0.9745904408779861
1533,0.9355412793457565
1534,0.9914916683431052
1535,0.8938416955356124
1536,0.9506292718728496
1537,0.9382213486929782
1538,1.1936576960634866
1539,1.0361453675095509
1540,1.0274669529808278
1541,0.8278387168711947
1542,1.0874920484089434
1543,0.8066403095709016
1544,1.0928098179074959
1545,1.1627986268451098
1546,1.0053995637243065
1547,1.1651506114360117
1548,0.7865454968850613
1549,1.1577749609220869
1550,1.026282062535076
1551,1.0911108105448093
1552,1.026341183373505
1553,1.0582260511456676
1554,1.076659789208595
1555,0.8641426971909543
1556,0.9379255619236209
1557,0.8631627838995817
1558,0.9963434841677618
1559,1.045580143303414
1560,0.9493041486026705
1561,0.988547493704761
1562,0.8950320423451757
1563,0.8742955606129206
1564,0.9047371155627235
1565,1.0281900029851354
1566,0.9809933884834889
1567,1.0684697537938015
1568,1.1016541306356995
1569,1.1107252062066109
1570,1.1436900072428848
1571,0.8774337760571255
1572,0.852185324574858
1573,0.8158971342177272
1574,1.019287770031811
1575,0.9090340387448059
1576,1.0503185317659796
1577,0.7896143029372334
1578,1.0583592659030807
1579,0.8151671270299016
1580,1.105413319933362
1581,0.9741042869098019
1582,0.9804986428437664
1583,0.9826197523299309
1584,1.0347896508215484
1585,1.0449939694154706
1586,0.8938636651656359
1587,0.9453799343724786
1588,0.9851580824218731
1589,0.9570834957070834
1590,0.8786123308181091
1591,0.8604482971692807
1592,0.9066151183094417
1593,1.0642871838870755
1594,1.1485943292603817
1595,1.018762259121909
1596,1.0135058534615582
1597,0.9229575011681789
1598,0.891298331473382
1599,0.857750033093386
1600,0.9548404602254108
1601,0.8233002787538228
1602,1.1084589172041894
1603,1.0260423014480795
1604,0.9046145809711075
1605,1.0480929052788475
1606,0.9450286840027163
1607,0.9923241420077352
1608,1.0410838237639326
1609,1.0671434752912767
1610,1.0563129670611708
1611,1.11525113909383
1612,0.872105998897389
1613,0.9006460988152085
1614,1.0484116157082146
1615,0.9290935840915173
1616,0.8180093725636423
1617,0.8975535205128753
1618,1.016624699148485
1619,0.8917318151557077
1620,0.9119566897714918
1621,0.9153049147607639
1622,0.8159632447228148
1623,0.946676347346894
1624,1.0004117887816208
1625,0.9393594287686472
1626,0.9759295606588895
1627,0.7727207999988224
1628,0.8231013296211512
1629,0.9043502867681678
1630,1.0689568644346286
1631,1.0475982163103932
1632,1.0371698340031907
1633,1.040431650660204
1634,0.9436785675139963
1635,0.852583036742708
1636,0.7686604664771154
1637,0.8670356487857127
1638,0.948931875509193
1639,1.0132950509551562
1640,1.0137141359702821
1641,0.9182032740663629
1642,1.029986564149155
1643,0.9894174483259385
1644,0.853213146045472
1645,0.8454399056924938
1646,1.1327930697718327
1647,0.9045022962053604
1648,1.0813084306735228
1649,1.1064705806521495
1650,0.9015941906263102
1651,1.2629858853288836
1652,1.0116453457920285
1653,0.9556743546356327
1654,1.00149365499671
1655,0.9596588858678838
1656,1.0333060796845657
1657,0.9955628084515581
1658,1.021117403428458
1659,0.9430987695591991
1660,0.9843293949074807
1661,0.9401697351647875
1662,0.9607283787367872
1663,0.8987641146137718
1664,0.9013331736123579
1665,1.0541630163841578
1666,0.9257457379386185
1667,0.9625120908309966
1668,0.9597521374026009
1669,0.9006736797366695
1670,1.1695240717140387
1671,0.9698274250979245
1672,0.911752135141878
1673,0.9269812417391232
1674,0.9176022229851007
1675,1.112700430702085
1676,0.899616922164095
1677,0.9177464991397494
1678,1.0119503443748104
1679,0.9785505528926268
1680,0.8538673658014815
1681,1.149607475511595
1682,1.1486338117160781
1683,0.9886628001247201
1684,1.0183527712387843
1685,0.9784907732911761
1686,1.0750811402709435
1687,0.9450436323212511
1688,0.9026282993253798
1689,1.0776853116758036
1690,0.9930259050545517
1691,0.8394956473430046
1692,1.0391961474533153
1693,1.0708360390746976
1694,0.9566896178793588
1695,0.9924522439863104
1696,0.8860212830268699
1697,0.9733518543010816
1698,1.040875218741949
1699,1.1157758362332153
1700,1.0708000500712465
1701,1.0864599953505227
1702,0.9662480076701404
1703,1.0390974093444565
1704,1.037837500420107
1705,1.090039613576163
1706,0.8284773314236419
1707,0.9616502408776795
1708,0.954763939843543
1709,0.9731374825229197
1710,1.1268897582596913
1711,0.9441879881183908
1712,1.0777054262971897
1713,0.99508294741785
1714,0.9524008637558368
1715,0.9887068122406987
1716,1.0806926518434357
1717,0.8668476727173132
1718,0.8575929091963872
1719,0.9385959207585913
1720,1.0230976921795663
1721,1.193046941255035
1722,1.0132357584460099
1723,0.9396255817670844
1724,0.8413735996488257
1725,0.9638611207578824
1726,0.8457736537418612
1727,1.0281129614186921
1728,0.8708236055005041
1729,1.0757633726073863
1730,1.0120091889374732
1731,1.0030540249767181
1732,1.0277819729551887
1733,1.0577237254794476
1734,1.1506653028585727
1735,1.113085647296725
1736,0.8344700825586769
1737,1.0472094696915544
1738,0.929337524036585
1739,1.0049987326694143
1740,1.009243335726603
1741,1.0975691968421168
1742,0.9766334916676004
1743,1.1060773977280167
1744,0.9895997634870376
1745,1.1461016827168016
1746,0.9800751288370384
1747,1.0665325331379827
1748,0.9364362078708279
1749,0.9850714058528859
1750,0.8482466275460475
1751,1.0497229071581002
1752,1.034171536413598
1753,0.8857835398048168
1754,1.0937289800204693
1755,0.9308143353203459
1756,0.961199837279532
1757,1.0103951908230975
1758,1.056029292904808
1759,1.096814185773509
1760,0.9480577478437716
1761,0.9925094602155053
1762,0.9117682034456511
1763,1.152278877750224
1764,1.2000777551697148
1765,1.1436397111500047
1766,0.9311429414241404
1767,0.9354030230869775
1768,0.8635098370191044
1769,1.1875227172002147
1770,0.867869388520962
1771,0.8129413266905466
1772,1.1103283102392192
1773,1.1742099273678526
1774,0.8972392288972258
1775,1.1414629918176187
1776,1.0074050368274912
1777,1.1069047870233728
1778,0.9420286806655783
1779,1.1742956422500421
1780,1.0350466564154284
1781,0.9726415899512442
1782,0.8287411285795712
1783,0.9249321060103814
1784,0.8850862762826124
1785,0.9195946468313829
1786,0.8808186524094862
1787,1.052905480076496
1788,1.0064119310805344
1789,1.006947633218998
1790,0.9995446143306986
1791,0.8736827975770924
1792,0.9209872875275384
1793,1.0046123027502674
1794,0.9951219724511167
1795,0.9867877638147285
1796,1.0251663355928444
1797,0.7524630661207542
1798,0.9556704614551061
1799,1.1992501496337682
1800,1.0325082098037326
1801,1.0292188084649612
1802,1.077430871615683
1803,0.9233037929947043
1804,1.1088280266148212
1805,0.928013776950186
1806,0.8861465935492366
1807,1.012662470588499
1808,0.8541400906111049
1809,0.8381430672497522
1810,0.8907706007053527
1811,0.854239887815177
1812,1.1098305984943628
1813,0.9481785155750009
1814,1.1893756840552685
1815,1.0400657848421044
1816,1.0722709114450417
1817,0.9904371037702606
1818,0.8656192219406005
1819,1.1159192987051785
1820,1.0704981404057117
1821,0.9229485401524944
1822,1.188755120890075
1823,0.8951369979180717
1824,0.9809471358983954
1825,0.9250261419657165
1826,0.9922311872201053
1827,1.0112911760725876
1828,1.0547708716555981
1829,0.9813941398777566
1830,1.2388928928181493
1831,1.2383911886194168
1832,0.8899879270549396
1833,0.980667567041697
1834,1.0299105537042599
1835,0.7841495794065999
1836,1.154513061433944
1837,0.8775400307708586
1838,0.945575802535141
1839,0.9684386764680076
1840,1.0246850837395611
1841,1.0331514333526128
1842,0.9803100690113489
1843,0.952410574570226
1844,0.9717441287833901
1845,0.9561912007127407
1846,1.062019778048931
1847,0.9334928450329543
1848,0.8491695455892551
1849,1.0036868400847785
1850,1.1699831327304646
1851,1.0990780724004112
1852,1.1976704041324526
1853,1.0506261586157657
1854,1.0971846119782858
1855,1.0177308776480551
1856,1.1337657004238868
1857,0.9831351908800654
1858,1.2155854777051416
1859,1.0364110710592846
1860,0.9606955306779553
1861,0.8215054987017255
1862,0.9966424881443186
1863,0.9070071833959928
1864,1.133695672289332
1865,0.8287983670848486
1866,0.8586356122211164
1867,0.9816350102469716
1868,0.9357501064966458
1869,0.9985045023687632
1870,1.0485424188541028
1871,0.88415640030414
1872,1.0285716400825267
1873,1.087863733588503
1874,0.8745804956468537
1875,0.9653660452879221
1876,1.0983710859871985
1877,1.0959644762869498
1878,0.9657989166408893
1879,0.9523789001969575
1880,0.9591205797414206
1881,0.8870069338380229
1882,1.0170544902473064
1883,0.9107887691583116
1884,1.0146271673039338
1885,0.8664599848327105
1886,1.005741277794335
1887,0.9123274856690218
1888,0.9104744763325795
1889,1.0605936761868668
1890,0.966962456485454
1891,1.1640459515583694
1892,0.889008648269272
1893,0.9019712761789236
1894,0.8823629243607864
1895,0.8796295849355517
1896,0.8240467641296491
1897,0.9703201284168282
1898,0.8672922032416636
1899,0.9314874824123459
1900,1.1139271350955873
1901,1.04226016773751
1902,0.9517298558032906
1903,1.0396042723024095
1904,0.9899384690905298
1905,1.1658803250677443
1906,0.9186503043701156
1907,0.8383601471003128
1908,1.1094089918178651
1909,1.1788689043431957
1910,0.9374861686215713
1911,1.144082195431235
1912,0.9922431878708555
1913,1.0693363613223552
1914,1.1571551469360997
1915,1.1136785492290036
1916,0.791998235531306
1917,1.233681572062179
1918,1.2267096159367343
1919,0.8077346950066563
1920,0.910078658191579
1921,0.8349395430130819
1922,0.9091321507991741
1923,0.9473551864281555
1924,1.0270352442073332
1925,1.0597431416597722
1926,1.0602770569283748
1927,0.9354367493290497
1928,0.9182088237856882
1929,1.1794176222128252
1930,0.7804268691263425
1931,1.2318778744115155
1932,1.103414480848404
1933,1.142472846198323
1934,1.0843807886957486
1935,0.9939602416732566
1936,1.1030718399458244
1937,0.8570323060791168
1938,1.0187874429197437
1939,1.0315319046431577
1940,0.9648643917764351
1941,0.8863965778292938
1942,0.9867975088219848
1943,0.9857583224385467
1944,0.9580422136142993
1945,0.9906489484711393
1946,0.9784730098574985
1947,0.9624600935708282
1948,0.7762147796369905
1949,0.9502244454970402
1950,0.9393054268433008
1951,1.0225343773601616
1952,1.0070192616236349
1953,0.905440087587519
1954,1.0074311966369773
1955,1.0731180937491451
1956,0.9300283781043307
1957,1.0936515288548627
1958,0.9334374125894983
1959,0.9021801520292696
1960,0.9203621075409526
1961,0.9618059756064669
1962,1.0527323740481105
1963,0.975917774799212
1964,0.9144038478286332
1965,0.8468510189758887
1966,1.0462404192531252
1967,1.0127851812403192
1968,0.9779287013574647
1969,0.9421693951097196
1970,1.2553242588050038
1971,0.9380413299525427
1972,0.9440714098444998
1973,1.2147487573766873
1974,1.0292253583179825
1975,0.9181846645367259
1976,0.8340985909663392
1977,1.3498789413453176
1978,0.9331671124231437
1979,0.7880302087370603
1980,0.9661157088616217
1981,0.9175467770387504
1982,0.849333725727261
1983,0.8966136738435174
1984,0.8814531612419119
1985,0.8391991165042761
1986,1.0019427646159211
1987,0.9957029287943098
1988,1.0864418117890424
1989,0.889731564914232
1990,0.9505157680369087
1991,0.9212002575268093
1992,1.092728380251363
1993,0.9499971792329167
1994,0.8768235201131201
1995,0.9284554443737413
1996,1.132785035555743
1997,1.052899305786675
1998,0.9144790393977505
1999,0.923891619277816
